date,mosprime_rub_1m,mosprime_rub_1w,mosprime_rub_2m,mosprime_rub_2w,mosprime_rub_3m,mosprime_rub_6m,mosprime_rub_on
2017-01-01,10.43,10.38,10.49,10.41,10.49,10.49,10.37
2017-01-02,10.43,10.38,10.49,10.41,10.49,10.49,10.37
2017-01-03,10.43,10.38,10.49,10.41,10.49,10.49,10.37
2017-01-04,10.43,10.38,10.49,10.41,10.49,10.49,10.37
2017-01-05,10.43,10.38,10.49,10.41,10.49,10.49,10.37
2017-01-06,10.43,10.38,10.49,10.41,10.49,10.49,10.37
2017-01-07,10.43,10.38,10.49,10.41,10.49,10.49,10.37
2017-01-08,10.43,10.38,10.49,10.41,10.49,10.49,10.37
2017-01-09,10.52,10.44,10.58,10.47,10.58,10.58,10.46
2017-01-10,10.53,10.4,10.59,10.48,10.59,10.59,10.21
2017-01-11,10.53,10.4,10.59,10.48,10.59,10.59,10.23
2017-01-12,10.53,10.42,10.59,10.48,10.59,10.59,10.23
2017-01-13,10.51,10.4,10.58,10.45,10.59,10.59,10.27
2017-01-14,10.51,10.4,10.58,10.45,10.59,10.59,10.27
2017-01-15,10.51,10.4,10.58,10.45,10.59,10.59,10.27
2017-01-16,10.47,10.42,10.51,10.44,10.52,10.52,10.32
2017-01-17,10.46,10.42,10.49,10.44,10.5,10.5,10.37
2017-01-18,10.46,10.42,10.49,10.44,10.5,10.5,10.38
2017-01-19,10.46,10.48,10.49,10.48,10.5,10.5,10.43
2017-01-20,10.46,10.46,10.49,10.49,10.5,10.5,10.3
2017-01-21,10.46,10.46,10.49,10.49,10.5,10.5,10.3
2017-01-22,10.46,10.46,10.49,10.49,10.5,10.5,10.3
2017-01-23,10.46,10.43,10.49,10.44,10.5,10.5,10.23
2017-01-24,10.46,10.41,10.49,10.43,10.5,10.5,10.15
2017-01-25,10.46,10.42,10.49,10.43,10.5,10.5,10.23
2017-01-26,10.48,10.47,10.49,10.46,10.52,10.52,10.44
2017-01-27,10.49,10.48,10.49,10.46,10.52,10.52,10.48
2017-01-28,10.49,10.48,10.49,10.46,10.52,10.52,10.48
2017-01-29,10.49,10.48,10.49,10.46,10.52,10.52,10.48
2017-01-30,10.49,10.47,10.49,10.44,10.52,10.52,10.41
2017-01-31,10.47,10.41,10.49,10.43,10.51,10.51,10.35
2017-02-01,10.46,10.4,10.49,10.42,10.51,10.51,10.36
2017-02-02,10.46,10.38,10.49,10.41,10.51,10.51,10.32
2017-02-03,10.45,10.38,10.48,10.4,10.49,10.51,10.25
2017-02-04,10.45,10.38,10.48,10.4,10.49,10.51,10.25
2017-02-05,10.45,10.38,10.48,10.4,10.49,10.51,10.25
2017-02-06,10.44,10.38,10.48,10.39,10.49,10.51,10.2
2017-02-07,10.38,10.21,10.42,10.28,10.43,10.43,10.03
2017-02-08,10.41,10.31,10.41,10.34,10.41,10.41,10.32
2017-02-09,10.46,10.37,10.48,10.39,10.48,10.48,10.38
2017-02-10,10.48,10.4,10.5,10.43,10.5,10.49,10.39
2017-02-11,10.48,10.4,10.5,10.43,10.5,10.49,10.39
2017-02-12,10.48,10.4,10.5,10.43,10.5,10.49,10.39
2017-02-13,10.49,10.43,10.51,10.46,10.5,10.5,10.42
2017-02-14,10.48,10.41,10.5,10.43,10.5,10.5,10.39
2017-02-15,10.47,10.41,10.5,10.44,10.5,10.5,10.41
2017-02-16,10.48,10.47,10.5,10.48,10.5,10.5,10.49
2017-02-17,10.49,10.46,10.5,10.49,10.5,10.5,10.42
2017-02-18,10.49,10.46,10.5,10.49,10.5,10.5,10.42
2017-02-19,10.49,10.46,10.5,10.49,10.5,10.5,10.42
2017-02-20,10.49,10.46,10.5,10.48,10.5,10.48,10.43
2017-02-21,10.49,10.44,10.5,10.48,10.5,10.48,10.41
2017-02-22,10.49,10.43,10.5,10.47,10.5,10.48,10.36
2017-02-23,10.49,10.43,10.5,10.47,10.5,10.48,10.36
2017-02-24,10.49,10.43,10.5,10.47,10.5,10.48,10.36
2017-02-25,10.49,10.43,10.5,10.47,10.5,10.48,10.36
2017-02-26,10.49,10.43,10.5,10.47,10.5,10.48,10.36
2017-02-27,10.48,10.43,10.49,10.48,10.49,10.48,10.38
2017-02-28,10.45,10.33,10.47,10.43,10.47,10.48,10.26
2017-03-01,10.44,10.33,10.46,10.41,10.46,10.48,10.27
2017-03-02,10.43,10.28,10.45,10.37,10.45,10.46,10.2
2017-03-03,10.43,10.25,10.44,10.36,10.44,10.45,10.13
2017-03-04,10.43,10.25,10.44,10.36,10.44,10.45,10.13
2017-03-05,10.43,10.25,10.44,10.36,10.44,10.45,10.13
2017-03-06,10.43,10.24,10.44,10.38,10.44,10.45,10.09
2017-03-07,10.43,10.17,10.44,10.34,10.44,10.45,9.98
2017-03-08,10.43,10.17,10.44,10.34,10.44,10.45,9.98
2017-03-09,10.43,10.22,10.44,10.29,10.44,10.45,10.16
2017-03-10,10.43,10.23,10.43,10.28,10.44,10.44,10.16
2017-03-11,10.43,10.23,10.43,10.28,10.44,10.44,10.16
2017-03-12,10.43,10.23,10.43,10.28,10.44,10.44,10.16
2017-03-13,10.42,10.26,10.43,10.3,10.43,10.43,10.18
2017-03-14,10.41,10.28,10.43,10.34,10.43,10.43,10.23
2017-03-15,10.42,10.29,10.43,10.35,10.43,10.43,10.23
2017-03-16,10.41,10.28,10.42,10.34,10.43,10.43,10.21
2017-03-17,10.41,10.28,10.41,10.34,10.43,10.43,10.22
2017-03-18,10.41,10.28,10.41,10.34,10.43,10.43,10.22
2017-03-19,10.41,10.28,10.41,10.34,10.43,10.43,10.22
2017-03-20,10.37,10.24,10.37,10.27,10.38,10.37,10.21
2017-03-21,10.36,10.25,10.36,10.27,10.37,10.35,10.23
2017-03-22,10.35,10.24,10.35,10.25,10.36,10.34,10.21
2017-03-23,10.29,10.18,10.31,10.2,10.27,10.22,10.18
2017-03-24,10.27,10.15,10.3,10.18,10.25,10.18,10.07
2017-03-25,10.27,10.15,10.3,10.18,10.25,10.18,10.07
2017-03-26,10.27,10.15,10.3,10.18,10.25,10.18,10.07
2017-03-27,10.18,10.08,10.22,10.1,10.22,10.11,10.03
2017-03-28,10.17,10.08,10.2,10.1,10.21,10.1,10.06
2017-03-29,10.18,10.16,10.2,10.14,10.21,10.1,10.13
2017-03-30,10.18,10.18,10.19,10.16,10.21,10.1,10.23
2017-03-31,10.18,10.17,10.19,10.15,10.21,10.1,10.18
2017-04-01,10.18,10.17,10.19,10.15,10.21,10.1,10.18
2017-04-02,10.18,10.17,10.19,10.15,10.21,10.1,10.18
2017-04-03,10.17,10.09,10.19,10.11,10.2,10.09,10.1
2017-04-04,10.16,10.09,10.19,10.12,10.2,10.08,10.08
2017-04-05,10.14,10.01,10.18,10.09,10.2,10.09,9.95
2017-04-06,10.1,9.79,10.18,9.97,10.2,10.09,9.63
2017-04-07,10.08,9.75,10.18,9.93,10.2,10.09,9.61
2017-04-08,10.08,9.75,10.18,9.93,10.2,10.09,9.61
2017-04-09,10.08,9.75,10.18,9.93,10.2,10.09,9.61
2017-04-10,10.07,9.77,10.18,9.9,10.2,10.08,9.67
2017-04-11,10.03,9.75,10.14,9.88,10.16,10.03,9.63
2017-04-12,10.04,9.88,10.12,9.94,10.14,10.01,9.83
2017-04-13,10.03,9.94,10.11,10.0,10.14,10.01,9.9
2017-04-14,10.03,9.98,10.11,10.01,10.14,10.01,9.93
2017-04-15,10.03,9.98,10.11,10.01,10.14,10.01,9.93
2017-04-16,10.03,9.98,10.11,10.01,10.14,10.01,9.93
2017-04-17,9.97,9.96,10.0,9.96,10.02,9.94,9.88
2017-04-18,9.94,9.95,9.98,9.95,9.98,9.93,9.88
2017-04-19,9.92,9.93,9.97,9.93,9.97,9.93,9.86
2017-04-20,9.95,9.93,9.99,9.93,10.03,9.96,9.86
2017-04-21,9.92,9.88,9.96,9.84,9.98,9.88,9.84
2017-04-22,9.92,9.88,9.96,9.84,9.98,9.88,9.84
2017-04-23,9.92,9.88,9.96,9.84,9.98,9.88,9.84
2017-04-24,9.84,9.83,9.87,9.76,9.88,9.8,9.79
2017-04-25,9.79,9.81,9.81,9.73,9.83,9.73,9.83
2017-04-26,9.78,9.8,9.8,9.73,9.82,9.71,9.79
2017-04-27,9.78,9.78,9.8,9.73,9.81,9.71,9.78
2017-04-28,9.78,9.77,9.8,9.73,9.81,9.71,9.8
2017-04-29,9.78,9.77,9.8,9.73,9.81,9.71,9.8
2017-04-30,9.78,9.77,9.8,9.73,9.81,9.71,9.8
2017-05-01,9.78,9.77,9.8,9.73,9.81,9.71,9.8
2017-05-02,9.6,9.52,9.6,9.53,9.57,9.5,9.45
2017-05-03,9.56,9.5,9.56,9.49,9.53,9.46,9.49
2017-05-04,9.58,9.56,9.57,9.53,9.57,9.47,9.61
2017-05-05,9.58,9.52,9.57,9.53,9.6,9.48,9.59
2017-05-06,9.58,9.52,9.57,9.53,9.6,9.48,9.59
2017-05-07,9.58,9.52,9.57,9.53,9.6,9.48,9.59
2017-05-08,9.58,9.52,9.57,9.53,9.6,9.48,9.59
2017-05-09,9.58,9.52,9.57,9.53,9.6,9.48,9.59
2017-05-10,9.58,9.53,9.56,9.53,9.6,9.49,9.52
2017-05-11,9.53,9.43,9.53,9.45,9.58,9.49,9.34
2017-05-12,9.51,9.41,9.53,9.43,9.58,9.49,9.28
2017-05-13,9.51,9.41,9.53,9.43,9.58,9.49,9.28
2017-05-14,9.51,9.41,9.53,9.43,9.58,9.49,9.28
2017-05-15,9.49,9.38,9.52,9.42,9.57,9.49,9.31
2017-05-16,9.47,9.3,9.5,9.36,9.54,9.48,9.23
2017-05-17,9.45,9.29,9.49,9.35,9.53,9.48,9.22
2017-05-18,9.45,9.28,9.48,9.34,9.5,9.46,9.23
2017-05-19,9.45,9.29,9.48,9.34,9.49,9.45,9.23
2017-05-20,9.45,9.29,9.48,9.34,9.49,9.45,9.23
2017-05-21,9.45,9.29,9.48,9.34,9.49,9.45,9.23
2017-05-22,9.43,9.33,9.46,9.38,9.46,9.47,9.26
2017-05-23,9.43,9.33,9.45,9.39,9.45,9.47,9.25
2017-05-24,9.44,9.31,9.46,9.37,9.48,9.45,9.21
2017-05-25,9.44,9.3,9.46,9.34,9.48,9.45,9.25
2017-05-26,9.43,9.32,9.44,9.33,9.46,9.45,9.27
2017-05-27,9.43,9.32,9.44,9.33,9.46,9.45,9.27
2017-05-28,9.43,9.32,9.44,9.33,9.46,9.45,9.27
2017-05-29,9.43,9.32,9.44,9.33,9.45,9.45,9.27
2017-05-30,9.43,9.33,9.44,9.34,9.45,9.45,9.28
2017-05-31,9.43,9.33,9.44,9.34,9.45,9.45,9.27
2017-06-01,9.43,9.33,9.44,9.34,9.45,9.45,9.3
2017-06-02,9.38,9.31,9.38,9.33,9.36,9.33,9.3
2017-06-03,9.38,9.31,9.38,9.33,9.36,9.33,9.3
2017-06-04,9.38,9.31,9.38,9.33,9.36,9.33,9.3
2017-06-05,9.35,9.3,9.35,9.33,9.34,9.3,9.33
2017-06-06,9.36,9.38,9.37,9.36,9.36,9.3,9.5
2017-06-07,9.36,9.4,9.37,9.38,9.36,9.3,9.38
2017-06-08,9.28,9.35,9.29,9.3,9.29,9.27,9.33
2017-06-09,9.27,9.31,9.28,9.28,9.28,9.26,9.27
2017-06-10,9.27,9.31,9.28,9.28,9.28,9.26,9.27
2017-06-11,9.27,9.31,9.28,9.28,9.28,9.26,9.27
2017-06-12,9.27,9.31,9.28,9.28,9.28,9.26,9.27
2017-06-13,9.27,9.29,9.28,9.28,9.28,9.25,9.28
2017-06-14,9.27,9.29,9.28,9.28,9.28,9.23,9.28
2017-06-15,9.23,9.28,9.24,9.25,9.24,9.21,9.33
2017-06-16,9.22,9.27,9.23,9.24,9.23,9.19,9.36
2017-06-17,9.22,9.27,9.23,9.24,9.23,9.19,9.36
2017-06-18,9.22,9.27,9.23,9.24,9.23,9.19,9.36
2017-06-19,9.23,9.24,9.19,9.23,9.18,9.1,9.2
2017-06-20,9.24,9.22,9.21,9.21,9.18,9.08,9.2
2017-06-21,9.24,9.2,9.2,9.21,9.19,9.08,9.17
2017-06-22,9.24,9.17,9.19,9.18,9.19,9.08,9.11
2017-06-23,9.23,9.13,9.18,9.15,9.18,9.08,8.96
2017-06-24,9.23,9.13,9.18,9.15,9.18,9.08,8.96
2017-06-25,9.23,9.13,9.18,9.15,9.18,9.08,8.96
2017-06-26,9.23,9.13,9.19,9.16,9.19,9.08,9.08
2017-06-27,9.24,9.21,9.22,9.2,9.23,9.11,9.18
2017-06-28,9.27,9.23,9.23,9.23,9.23,9.12,9.25
2017-06-29,9.28,9.3,9.25,9.24,9.23,9.12,9.28
2017-06-30,9.3,9.31,9.25,9.28,9.23,9.13,9.38
2017-07-01,9.3,9.31,9.25,9.28,9.23,9.13,9.38
2017-07-02,9.3,9.31,9.25,9.28,9.23,9.13,9.38
2017-07-03,9.28,9.28,9.23,9.28,9.22,9.14,9.35
2017-07-04,9.27,9.23,9.24,9.25,9.21,9.14,9.24
2017-07-05,9.26,9.23,9.23,9.24,9.22,9.13,9.26
2017-07-06,9.26,9.24,9.24,9.24,9.22,9.14,9.26
2017-07-07,9.26,9.24,9.24,9.24,9.22,9.14,9.25
2017-07-08,9.26,9.24,9.24,9.24,9.22,9.14,9.25
2017-07-09,9.26,9.24,9.24,9.24,9.22,9.14,9.25
2017-07-10,9.26,9.23,9.24,9.24,9.22,9.14,9.17
2017-07-11,9.23,9.18,9.23,9.21,9.21,9.13,8.97
2017-07-12,9.23,9.2,9.23,9.22,9.22,9.14,9.13
2017-07-13,9.23,9.19,9.23,9.21,9.22,9.14,9.15
2017-07-14,9.24,9.2,9.23,9.21,9.22,9.14,9.17
2017-07-15,9.24,9.2,9.23,9.21,9.22,9.14,9.17
2017-07-16,9.24,9.2,9.23,9.21,9.22,9.14,9.17
2017-07-17,9.23,9.23,9.23,9.2,9.21,9.08,9.21
2017-07-18,9.23,9.23,9.23,9.2,9.21,9.07,9.23
2017-07-19,9.23,9.23,9.23,9.2,9.21,9.07,9.2
2017-07-20,9.23,9.23,9.23,9.2,9.21,9.07,9.23
2017-07-21,9.23,9.23,9.23,9.2,9.21,9.07,9.24
2017-07-22,9.23,9.23,9.23,9.2,9.21,9.07,9.24
2017-07-23,9.23,9.23,9.23,9.2,9.21,9.07,9.24
2017-07-24,9.22,9.21,9.22,9.19,9.21,9.07,9.18
2017-07-25,9.22,9.19,9.2,9.19,9.2,9.07,9.17
2017-07-26,9.22,9.21,9.2,9.19,9.2,9.07,9.21
2017-07-27,9.22,9.23,9.2,9.21,9.21,9.07,9.26
2017-07-28,9.22,9.24,9.2,9.22,9.21,9.07,9.31
2017-07-29,9.22,9.24,9.2,9.22,9.21,9.07,9.31
2017-07-30,9.22,9.24,9.2,9.22,9.21,9.07,9.31
2017-07-31,9.24,9.28,9.23,9.25,9.21,9.07,9.33
2017-08-01,9.26,9.3,9.24,9.29,9.21,9.07,9.29
2017-08-02,9.26,9.23,9.25,9.24,9.23,9.07,9.22
2017-08-03,9.26,9.19,9.25,9.24,9.23,9.07,9.15
2017-08-04,9.22,9.03,9.23,9.17,9.22,9.04,8.8
2017-08-05,9.22,9.03,9.23,9.17,9.22,9.04,8.8
2017-08-06,9.22,9.03,9.23,9.17,9.22,9.04,8.8
2017-08-07,9.21,8.94,9.23,9.15,9.2,9.04,8.62
2017-08-08,9.19,8.93,9.22,9.13,9.2,9.04,8.55
2017-08-09,9.22,9.11,9.22,9.17,9.19,9.03,8.99
2017-08-10,9.22,9.13,9.21,9.16,9.19,9.03,8.93
2017-08-11,9.18,9.03,9.21,9.12,9.19,9.03,8.68
2017-08-12,9.18,9.03,9.21,9.12,9.19,9.03,8.68
2017-08-13,9.18,9.03,9.21,9.12,9.19,9.03,8.68
2017-08-14,9.15,8.96,9.2,9.06,9.18,9.03,8.6
2017-08-15,9.16,8.98,9.21,9.07,9.18,9.03,8.62
2017-08-16,9.18,9.01,9.21,9.08,9.18,9.03,8.82
2017-08-17,9.18,9.02,9.2,9.08,9.15,9.03,8.86
2017-08-18,9.18,9.03,9.2,9.07,9.14,9.03,8.85
2017-08-19,9.18,9.03,9.2,9.07,9.14,9.03,8.85
2017-08-20,9.18,9.03,9.2,9.07,9.14,9.03,8.85
2017-08-21,9.16,9.05,9.18,9.07,9.14,9.03,8.85
2017-08-22,9.13,9.05,9.17,9.07,9.13,9.03,8.87
2017-08-23,9.13,9.05,9.16,9.07,9.13,9.03,8.83
2017-08-24,9.13,9.02,9.15,9.06,9.13,9.01,8.7
2017-08-25,9.13,9.01,9.14,9.06,9.13,9.0,8.73
2017-08-26,9.13,9.01,9.14,9.06,9.13,9.0,8.73
2017-08-27,9.13,9.01,9.14,9.06,9.13,9.0,8.73
2017-08-28,9.11,9.0,9.13,9.05,9.13,8.98,8.75
2017-08-29,9.08,9.01,9.12,9.05,9.12,9.0,8.78
2017-08-30,9.1,9.03,9.11,9.07,9.11,9.0,8.8
2017-08-31,9.11,9.03,9.11,9.07,9.12,9.0,8.86
2017-09-01,9.12,9.04,9.11,9.08,9.12,9.0,8.93
2017-09-02,9.12,9.04,9.11,9.08,9.12,9.0,8.93
2017-09-03,9.12,9.04,9.11,9.08,9.12,9.0,8.93
2017-09-04,9.11,9.05,9.1,9.07,9.11,9.0,9.05
2017-09-05,9.11,9.08,9.1,9.08,9.11,9.0,9.0
2017-09-06,9.1,9.06,9.09,9.05,9.1,9.0,8.91
2017-09-07,9.07,8.99,9.07,9.03,9.06,9.0,8.83
2017-09-08,9.03,8.9,9.03,8.97,9.03,8.98,8.7
2017-09-09,9.03,8.9,9.03,8.97,9.03,8.98,8.7
2017-09-10,9.03,8.9,9.03,8.97,9.03,8.98,8.7
2017-09-11,9.0,8.88,8.99,8.94,9.01,8.96,8.69
2017-09-12,8.97,8.87,8.98,8.9,8.98,8.9,8.65
2017-09-13,8.89,8.74,8.93,8.8,8.92,8.83,8.62
2017-09-14,8.88,8.75,8.9,8.78,8.91,8.81,8.72
2017-09-15,8.87,8.78,8.88,8.8,8.9,8.81,8.82
2017-09-16,8.87,8.78,8.88,8.8,8.9,8.81,8.82
2017-09-17,8.87,8.78,8.88,8.8,8.9,8.81,8.82
2017-09-18,8.69,8.6,8.72,8.63,8.76,8.69,8.42
2017-09-19,8.68,8.56,8.68,8.58,8.71,8.66,8.38
2017-09-20,8.68,8.53,8.68,8.55,8.7,8.65,8.38
2017-09-21,8.68,8.53,8.68,8.55,8.7,8.65,8.37
2017-09-22,8.68,8.55,8.68,8.57,8.7,8.65,8.37
2017-09-23,8.68,8.55,8.68,8.57,8.7,8.65,8.37
2017-09-24,8.68,8.55,8.68,8.57,8.7,8.65,8.37
2017-09-25,8.65,8.53,8.68,8.55,8.7,8.65,8.4
2017-09-26,8.63,8.53,8.68,8.54,8.69,8.63,8.35
2017-09-27,8.63,8.53,8.68,8.54,8.69,8.63,8.42
2017-09-28,8.65,8.59,8.68,8.58,8.68,8.63,8.65
2017-09-29,8.66,8.66,8.69,8.63,8.69,8.64,8.7
2017-09-30,8.66,8.66,8.69,8.63,8.69,8.64,8.7
2017-10-01,8.66,8.66,8.69,8.63,8.69,8.64,8.7
2017-10-02,8.67,8.64,8.69,8.64,8.69,8.64,8.65
2017-10-03,8.68,8.65,8.69,8.65,8.69,8.64,8.59
2017-10-04,8.68,8.54,8.69,8.59,8.67,8.6,8.44
2017-10-05,8.67,8.47,8.68,8.55,8.66,8.59,8.29
2017-10-06,8.66,8.49,8.68,8.54,8.65,8.59,8.44
2017-10-07,8.66,8.49,8.68,8.54,8.65,8.59,8.44
2017-10-08,8.66,8.49,8.68,8.54,8.65,8.59,8.44
2017-10-09,8.68,8.58,8.68,8.58,8.65,8.59,8.56
2017-10-10,8.68,8.59,8.68,8.6,8.65,8.59,8.52
2017-10-11,8.66,8.53,8.68,8.57,8.65,8.59,8.3
2017-10-12,8.57,8.48,8.63,8.53,8.63,8.61,8.4
2017-10-13,8.57,8.49,8.62,8.52,8.63,8.61,8.48
2017-10-14,8.57,8.49,8.62,8.52,8.63,8.61,8.48
2017-10-15,8.57,8.49,8.62,8.52,8.63,8.61,8.48
2017-10-16,8.59,8.52,8.65,8.53,8.65,8.61,8.5
2017-10-17,8.62,8.53,8.65,8.56,8.65,8.61,8.5
2017-10-18,8.59,8.43,8.62,8.5,8.63,8.61,8.28
2017-10-19,8.52,8.38,8.55,8.44,8.58,8.57,8.21
2017-10-20,8.48,8.33,8.53,8.39,8.55,8.54,8.16
2017-10-21,8.48,8.33,8.53,8.39,8.55,8.54,8.16
2017-10-22,8.48,8.33,8.53,8.39,8.55,8.54,8.16
2017-10-23,8.48,8.4,8.54,8.42,8.56,8.54,8.3
2017-10-24,8.45,8.35,8.5,8.35,8.54,8.53,8.22
2017-10-25,8.43,8.33,8.49,8.33,8.54,8.53,8.25
2017-10-26,8.43,8.32,8.49,8.33,8.54,8.53,8.27
2017-10-27,8.4,8.28,8.43,8.3,8.5,8.49,8.26
2017-10-28,8.4,8.28,8.43,8.3,8.5,8.49,8.26
2017-10-29,8.4,8.28,8.43,8.3,8.5,8.49,8.26
2017-10-30,8.34,8.28,8.35,8.29,8.4,8.38,8.24
2017-10-31,8.34,8.31,8.36,8.3,8.38,8.35,8.3
2017-11-01,8.35,8.32,8.37,8.31,8.38,8.35,8.33
2017-11-02,8.37,8.34,8.37,8.34,8.38,8.35,8.37
2017-11-03,8.37,8.36,8.37,8.36,8.38,8.34,8.33
2017-11-04,8.37,8.36,8.37,8.36,8.38,8.34,8.33
2017-11-05,8.37,8.36,8.37,8.36,8.38,8.34,8.33
2017-11-06,8.37,8.36,8.37,8.36,8.38,8.34,8.33
2017-11-07,8.37,8.31,8.37,8.33,8.38,8.34,8.12
2017-11-08,8.36,8.27,8.36,8.31,8.37,8.33,8.1
2017-11-09,8.36,8.26,8.36,8.29,8.36,8.33,8.18
2017-11-10,8.36,8.26,8.36,8.29,8.35,8.33,8.2
2017-11-11,8.36,8.26,8.36,8.29,8.35,8.33,8.2
2017-11-12,8.36,8.26,8.36,8.29,8.35,8.33,8.2
2017-11-13,8.36,8.27,8.36,8.3,8.35,8.33,8.22
2017-11-14,8.36,8.28,8.36,8.3,8.36,8.34,8.23
2017-11-15,8.36,8.3,8.36,8.32,8.36,8.34,8.25
2017-11-16,8.37,8.33,8.37,8.34,8.37,8.34,8.3
2017-11-17,8.36,8.31,8.36,8.33,8.36,8.34,8.27
2017-11-18,8.36,8.31,8.36,8.33,8.36,8.34,8.27
2017-11-19,8.36,8.31,8.36,8.33,8.36,8.34,8.27
2017-11-20,8.36,8.31,8.36,8.33,8.36,8.35,8.28
2017-11-21,8.36,8.31,8.36,8.33,8.36,8.35,8.29
2017-11-22,8.36,8.31,8.36,8.33,8.36,8.35,8.3
2017-11-23,8.36,8.31,8.36,8.33,8.36,8.35,8.29
2017-11-24,8.36,8.32,8.36,8.33,8.36,8.35,8.3
2017-11-25,8.36,8.32,8.36,8.33,8.36,8.35,8.3
2017-11-26,8.36,8.32,8.36,8.33,8.36,8.35,8.3
2017-11-27,8.36,8.31,8.36,8.33,8.36,8.36,8.33
2017-11-28,8.36,8.35,8.36,8.36,8.36,8.36,8.39
2017-11-29,8.37,8.39,8.36,8.38,8.36,8.36,8.47
2017-11-30,8.38,8.38,8.36,8.38,8.36,8.34,8.45
2017-12-01,8.38,8.39,8.36,8.39,8.36,8.36,8.4
2017-12-02,8.38,8.39,8.36,8.39,8.36,8.36,8.4
2017-12-03,8.38,8.39,8.36,8.39,8.36,8.36,8.4
2017-12-04,8.38,8.37,8.35,8.37,8.36,8.36,8.35
2017-12-05,8.38,8.34,8.35,8.34,8.36,8.36,8.27
2017-12-06,8.38,8.4,8.35,8.38,8.35,8.33,8.44
2017-12-07,8.38,8.39,8.35,8.39,8.35,8.33,8.42
2017-12-08,8.38,8.41,8.35,8.38,8.35,8.33,8.4
2017-12-09,8.38,8.41,8.35,8.38,8.35,8.33,8.4
2017-12-10,8.38,8.41,8.35,8.38,8.35,8.33,8.4
2017-12-11,8.37,8.34,8.35,8.34,8.35,8.33,8.37
2017-12-12,8.36,8.33,8.35,8.33,8.35,8.33,8.26
2017-12-13,8.36,8.31,8.35,8.33,8.35,8.33,8.24
2017-12-14,8.33,8.24,8.33,8.29,8.33,8.29,8.21
2017-12-15,8.28,8.26,8.31,8.28,8.31,8.27,8.26
2017-12-16,8.28,8.26,8.31,8.28,8.31,8.27,8.26
2017-12-17,8.28,8.26,8.31,8.28,8.31,8.27,8.26
2017-12-18,7.95,7.96,7.98,7.99,7.96,7.96,7.92
2017-12-19,7.9,7.91,7.9,7.91,7.88,7.88,7.93
2017-12-20,7.9,7.91,7.9,7.91,7.87,7.87,7.9
2017-12-21,7.9,7.91,7.92,7.91,7.89,7.87,7.88
2017-12-22,7.9,7.91,7.92,7.91,7.9,7.87,7.89
2017-12-23,7.9,7.91,7.92,7.91,7.9,7.87,7.89
2017-12-24,7.9,7.91,7.92,7.91,7.9,7.87,7.89
2017-12-25,7.91,7.95,7.92,7.93,7.9,7.87,7.98
2017-12-26,7.91,7.98,7.92,7.94,7.9,7.87,7.98
2017-12-27,7.91,7.98,7.92,7.93,7.9,7.87,7.98
2017-12-28,7.86,7.85,7.88,7.84,7.88,7.84,7.82
2017-12-29,7.84,7.69,7.87,7.75,7.88,7.84,7.82
2017-12-30,7.84,7.69,7.87,7.75,7.88,7.84,7.82
2017-12-31,7.84,7.69,7.87,7.75,7.88,7.84,7.82
2018-01-01,7.84,7.69,7.87,7.75,7.88,7.84,7.82
2018-01-02,7.84,7.69,7.87,7.75,7.88,7.84,7.82
2018-01-03,7.84,7.69,7.87,7.75,7.88,7.84,7.82
2018-01-04,7.84,7.69,7.87,7.75,7.88,7.84,7.82
2018-01-05,7.84,7.69,7.87,7.75,7.88,7.84,7.82
2018-01-06,7.84,7.69,7.87,7.75,7.88,7.84,7.82
2018-01-07,7.84,7.69,7.87,7.75,7.88,7.84,7.82
2018-01-08,7.84,7.69,7.87,7.75,7.88,7.84,7.82
2018-01-09,7.84,7.78,7.86,7.79,7.88,7.84,7.72
2018-01-10,7.82,7.76,7.86,7.78,7.87,7.83,7.53
2018-01-11,7.82,7.73,7.87,7.78,7.86,7.83,7.5
2018-01-12,7.81,7.69,7.84,7.77,7.84,7.81,7.42
2018-01-13,7.81,7.69,7.84,7.77,7.84,7.81,7.42
2018-01-14,7.81,7.69,7.84,7.77,7.84,7.81,7.42
2018-01-15,7.82,7.7,7.86,7.78,7.85,7.81,7.38
2018-01-16,7.81,7.68,7.85,7.76,7.84,7.8,7.36
2018-01-17,7.79,7.68,7.83,7.74,7.82,7.78,7.35
2018-01-18,7.79,7.68,7.83,7.74,7.8,7.78,7.38
2018-01-19,7.78,7.67,7.81,7.73,7.8,7.77,7.42
2018-01-20,7.78,7.67,7.81,7.73,7.8,7.77,7.42
2018-01-21,7.78,7.67,7.81,7.73,7.8,7.77,7.42
2018-01-22,7.76,7.62,7.76,7.69,7.77,7.73,7.4
2018-01-23,7.73,7.61,7.73,7.68,7.74,7.72,7.39
2018-01-24,7.72,7.58,7.73,7.64,7.74,7.72,7.36
2018-01-25,7.7,7.58,7.72,7.63,7.73,7.7,7.38
2018-01-26,7.7,7.59,7.71,7.63,7.73,7.7,7.48
2018-01-27,7.7,7.59,7.71,7.63,7.73,7.7,7.48
2018-01-28,7.7,7.59,7.71,7.63,7.73,7.7,7.48
2018-01-29,7.68,7.58,7.68,7.62,7.71,7.68,7.52
2018-01-30,7.68,7.59,7.68,7.61,7.7,7.68,7.57
2018-01-31,7.68,7.58,7.68,7.61,7.7,7.68,7.53
2018-02-01,7.68,7.61,7.68,7.6,7.69,7.68,7.56
2018-02-02,7.66,7.58,7.66,7.59,7.68,7.67,7.52
2018-02-03,7.66,7.58,7.66,7.59,7.68,7.67,7.52
2018-02-04,7.66,7.58,7.66,7.59,7.68,7.67,7.52
2018-02-05,7.61,7.53,7.63,7.55,7.67,7.63,7.5
2018-02-06,7.61,7.53,7.62,7.56,7.65,7.63,7.53
2018-02-07,7.59,7.53,7.6,7.55,7.63,7.63,7.49
2018-02-08,7.54,7.48,7.56,7.49,7.58,7.58,7.46
2018-02-09,7.52,7.43,7.53,7.47,7.54,7.55,7.44
2018-02-10,7.52,7.43,7.53,7.47,7.54,7.55,7.44
2018-02-11,7.52,7.43,7.53,7.47,7.54,7.55,7.44
2018-02-12,7.4,7.32,7.43,7.34,7.44,7.43,7.21
2018-02-13,7.36,7.29,7.38,7.32,7.38,7.35,7.18
2018-02-14,7.35,7.32,7.36,7.32,7.38,7.33,7.26
2018-02-15,7.36,7.35,7.38,7.34,7.41,7.38,7.31
2018-02-16,7.4,7.38,7.41,7.38,7.42,7.41,7.39
2018-02-17,7.4,7.38,7.41,7.38,7.42,7.41,7.39
2018-02-18,7.4,7.38,7.41,7.38,7.42,7.41,7.39
2018-02-19,7.42,7.43,7.41,7.43,7.4,7.39,7.46
2018-02-20,7.42,7.48,7.39,7.47,7.38,7.36,7.51
2018-02-21,7.44,7.52,7.4,7.48,7.38,7.35,7.53
2018-02-22,7.45,7.53,7.39,7.48,7.38,7.35,7.52
2018-02-23,7.45,7.53,7.39,7.48,7.38,7.35,7.52
2018-02-24,7.45,7.53,7.39,7.48,7.38,7.35,7.52
2018-02-25,7.45,7.53,7.39,7.48,7.38,7.35,7.52
2018-02-26,7.48,7.58,7.39,7.51,7.38,7.35,7.56
2018-02-27,7.53,7.59,7.4,7.54,7.38,7.35,7.56
2018-02-28,7.56,7.62,7.41,7.56,7.38,7.35,7.61
2018-03-01,7.54,7.63,7.43,7.58,7.41,7.38,7.63
2018-03-02,7.54,7.63,7.44,7.58,7.41,7.38,7.63
2018-03-03,7.54,7.63,7.44,7.58,7.41,7.38,7.63
2018-03-04,7.54,7.63,7.44,7.58,7.41,7.38,7.63
2018-03-05,7.54,7.62,7.44,7.6,7.41,7.39,7.59
2018-03-06,7.54,7.57,7.44,7.58,7.4,7.38,7.57
2018-03-07,7.52,7.58,7.43,7.58,7.39,7.38,7.55
2018-03-08,7.52,7.58,7.43,7.58,7.39,7.38,7.55
2018-03-09,7.52,7.58,7.43,7.58,7.39,7.38,7.55
2018-03-10,7.52,7.58,7.43,7.58,7.39,7.38,7.55
2018-03-11,7.52,7.58,7.43,7.58,7.39,7.38,7.55
2018-03-12,7.54,7.54,7.44,7.59,7.41,7.39,7.52
2018-03-13,7.55,7.53,7.44,7.58,7.41,7.4,7.54
2018-03-14,7.55,7.52,7.44,7.58,7.41,7.39,7.54
2018-03-15,7.54,7.5,7.43,7.55,7.41,7.39,7.51
2018-03-16,7.54,7.5,7.43,7.55,7.41,7.39,7.52
2018-03-17,7.54,7.5,7.43,7.55,7.41,7.39,7.52
2018-03-18,7.54,7.5,7.43,7.55,7.41,7.39,7.52
2018-03-19,7.52,7.53,7.41,7.53,7.38,7.36,7.54
2018-03-20,7.48,7.51,7.4,7.49,7.36,7.34,7.53
2018-03-21,7.43,7.44,7.39,7.45,7.37,7.36,7.5
2018-03-22,7.41,7.43,7.39,7.43,7.37,7.36,7.5
2018-03-23,7.38,7.39,7.37,7.39,7.34,7.34,7.35
2018-03-24,7.38,7.39,7.37,7.39,7.34,7.34,7.35
2018-03-25,7.38,7.39,7.37,7.39,7.34,7.34,7.35
2018-03-26,7.28,7.31,7.29,7.31,7.28,7.29,7.29
2018-03-27,7.28,7.27,7.28,7.29,7.27,7.28,7.29
2018-03-28,7.3,7.28,7.29,7.29,7.28,7.28,7.29
2018-03-29,7.31,7.29,7.29,7.29,7.28,7.28,7.3
2018-03-30,7.31,7.3,7.29,7.3,7.28,7.28,7.31
2018-03-31,7.31,7.3,7.29,7.3,7.28,7.28,7.31
2018-04-01,7.31,7.3,7.29,7.3,7.28,7.28,7.31
2018-04-02,7.34,7.32,7.29,7.32,7.29,7.29,7.31
2018-04-03,7.35,7.32,7.29,7.32,7.29,7.29,7.33
2018-04-04,7.35,7.28,7.29,7.29,7.29,7.29,7.26
2018-04-05,7.33,7.27,7.29,7.29,7.29,7.29,7.19
2018-04-06,7.32,7.27,7.28,7.28,7.28,7.28,7.23
2018-04-07,7.32,7.27,7.28,7.28,7.28,7.28,7.23
2018-04-08,7.32,7.27,7.28,7.28,7.28,7.28,7.23
2018-04-09,7.33,7.3,7.28,7.31,7.29,7.28,7.25
2018-04-10,7.35,7.33,7.29,7.33,7.32,7.31,7.29
2018-04-11,7.38,7.34,7.34,7.32,7.34,7.33,7.29
2018-04-12,7.4,7.35,7.39,7.32,7.39,7.36,7.33
2018-04-13,7.41,7.33,7.41,7.3,7.41,7.38,7.33
2018-04-14,7.41,7.33,7.41,7.3,7.41,7.38,7.33
2018-04-15,7.41,7.33,7.41,7.3,7.41,7.38,7.33
2018-04-16,7.41,7.31,7.42,7.3,7.43,7.38,7.3
2018-04-17,7.42,7.3,7.43,7.3,7.45,7.4,7.31
2018-04-18,7.44,7.33,7.45,7.34,7.46,7.41,7.33
2018-04-19,7.45,7.34,7.45,7.35,7.46,7.41,7.35
2018-04-20,7.42,7.33,7.43,7.34,7.43,7.4,7.33
2018-04-21,7.42,7.33,7.43,7.34,7.43,7.4,7.33
2018-04-22,7.42,7.33,7.43,7.34,7.43,7.4,7.33
2018-04-23,7.39,7.31,7.4,7.33,7.39,7.4,7.26
2018-04-24,7.38,7.29,7.38,7.31,7.38,7.39,7.22
2018-04-25,7.38,7.26,7.38,7.28,7.38,7.36,7.15
2018-04-26,7.38,7.25,7.38,7.27,7.38,7.35,7.19
2018-04-27,7.38,7.3,7.38,7.29,7.38,7.35,7.26
2018-04-28,7.38,7.32,7.38,7.31,7.38,7.35,7.28
2018-04-29,7.38,7.32,7.38,7.31,7.38,7.35,7.28
2018-04-30,7.38,7.32,7.38,7.31,7.38,7.35,7.28
2018-05-01,7.38,7.32,7.38,7.31,7.38,7.35,7.28
2018-05-02,7.38,7.32,7.38,7.31,7.38,7.35,7.28
2018-05-03,7.38,7.31,7.39,7.32,7.39,7.35,7.34
2018-05-04,7.38,7.3,7.38,7.32,7.38,7.35,7.3
2018-05-05,7.38,7.3,7.38,7.32,7.38,7.35,7.3
2018-05-06,7.38,7.3,7.38,7.32,7.38,7.35,7.3
2018-05-07,7.37,7.29,7.37,7.32,7.37,7.35,7.3
2018-05-08,7.35,7.26,7.35,7.28,7.35,7.35,6.87
2018-05-09,7.35,7.26,7.35,7.28,7.35,7.35,6.87
2018-05-10,7.36,7.24,7.36,7.28,7.36,7.35,7.18
2018-05-11,7.35,7.25,7.35,7.29,7.35,7.35,7.16
2018-05-12,7.35,7.25,7.35,7.29,7.35,7.35,7.16
2018-05-13,7.35,7.25,7.35,7.29,7.35,7.35,7.16
2018-05-14,7.34,7.25,7.35,7.29,7.35,7.35,7.24
2018-05-15,7.34,7.24,7.35,7.3,7.35,7.35,7.22
2018-05-16,7.34,7.28,7.36,7.29,7.38,7.36,7.29
2018-05-17,7.36,7.33,7.38,7.32,7.42,7.38,7.33
2018-05-18,7.35,7.36,7.38,7.36,7.41,7.37,7.36
2018-05-19,7.35,7.36,7.38,7.36,7.41,7.37,7.36
2018-05-20,7.35,7.36,7.38,7.36,7.41,7.37,7.36
2018-05-21,7.35,7.36,7.38,7.36,7.42,7.36,7.34
2018-05-22,7.35,7.36,7.38,7.36,7.42,7.36,7.34
2018-05-23,7.35,7.34,7.39,7.34,7.42,7.36,7.32
2018-05-24,7.35,7.31,7.39,7.32,7.42,7.36,7.28
2018-05-25,7.35,7.31,7.39,7.32,7.42,7.36,7.3
2018-05-26,7.35,7.31,7.39,7.32,7.42,7.36,7.3
2018-05-27,7.35,7.31,7.39,7.32,7.42,7.36,7.3
2018-05-28,7.36,7.33,7.42,7.34,7.43,7.36,7.29
2018-05-29,7.36,7.33,7.43,7.35,7.44,7.36,7.31
2018-05-30,7.37,7.35,7.43,7.36,7.44,7.36,7.33
2018-05-31,7.39,7.37,7.43,7.38,7.43,7.36,7.35
2018-06-01,7.38,7.33,7.43,7.35,7.43,7.36,7.33
2018-06-02,7.38,7.33,7.43,7.35,7.43,7.36,7.33
2018-06-03,7.38,7.33,7.43,7.35,7.43,7.36,7.33
2018-06-04,7.37,7.3,7.42,7.33,7.43,7.35,7.26
2018-06-05,7.36,7.29,7.41,7.31,7.43,7.35,7.2
2018-06-06,7.38,7.29,7.43,7.31,7.44,7.37,7.25
2018-06-07,7.38,7.29,7.43,7.31,7.44,7.38,7.25
2018-06-08,7.38,7.29,7.43,7.31,7.44,7.38,7.25
2018-06-09,7.38,7.29,7.43,7.31,7.44,7.38,7.28
2018-06-10,7.38,7.29,7.43,7.31,7.44,7.38,7.28
2018-06-11,7.38,7.29,7.43,7.31,7.44,7.38,7.28
2018-06-12,7.38,7.29,7.43,7.31,7.44,7.38,7.28
2018-06-13,7.4,7.3,7.43,7.32,7.44,7.39,7.25
2018-06-14,7.4,7.3,7.43,7.33,7.44,7.39,7.27
2018-06-15,7.38,7.29,7.39,7.32,7.41,7.38,7.25
2018-06-16,7.38,7.29,7.39,7.32,7.41,7.38,7.25
2018-06-17,7.38,7.29,7.39,7.32,7.41,7.38,7.25
2018-06-18,7.37,7.29,7.4,7.31,7.43,7.37,7.25
2018-06-19,7.37,7.29,7.41,7.31,7.43,7.38,7.24
2018-06-20,7.38,7.3,7.39,7.32,7.42,7.38,7.27
2018-06-21,7.39,7.27,7.39,7.32,7.42,7.38,7.22
2018-06-22,7.41,7.28,7.41,7.32,7.42,7.38,7.24
2018-06-23,7.41,7.28,7.41,7.32,7.42,7.38,7.24
2018-06-24,7.41,7.28,7.41,7.32,7.42,7.38,7.24
2018-06-25,7.39,7.31,7.43,7.32,7.43,7.4,7.29
2018-06-26,7.43,7.41,7.44,7.36,7.46,7.39,7.43
2018-06-27,7.43,7.43,7.44,7.38,7.46,7.38,7.44
2018-06-28,7.39,7.38,7.43,7.35,7.43,7.4,7.38
2018-06-29,7.43,7.38,7.46,7.38,7.47,7.41,7.38
2018-06-30,7.43,7.38,7.46,7.38,7.47,7.41,7.38
2018-07-01,7.43,7.38,7.46,7.38,7.47,7.41,7.38
2018-07-02,7.42,7.33,7.42,7.37,7.43,7.39,7.29
2018-07-03,7.39,7.31,7.41,7.34,7.41,7.38,7.23
2018-07-04,7.38,7.29,7.41,7.3,7.42,7.38,7.21
2018-07-05,7.4,7.29,7.4,7.32,7.42,7.38,7.23
2018-07-06,7.39,7.3,7.39,7.33,7.41,7.38,7.25
2018-07-07,7.39,7.3,7.39,7.33,7.41,7.38,7.25
2018-07-08,7.39,7.3,7.39,7.33,7.41,7.38,7.25
2018-07-09,7.38,7.3,7.38,7.33,7.39,7.37,7.25
2018-07-10,7.38,7.28,7.38,7.32,7.42,7.38,7.22
2018-07-11,7.38,7.31,7.4,7.32,7.43,7.4,7.28
2018-07-12,7.38,7.34,7.4,7.33,7.43,7.4,7.34
2018-07-13,7.39,7.36,7.41,7.36,7.43,7.41,7.34
2018-07-14,7.39,7.36,7.41,7.36,7.43,7.41,7.34
2018-07-15,7.39,7.36,7.41,7.36,7.43,7.41,7.34
2018-07-16,7.41,7.42,7.41,7.4,7.43,7.41,7.43
2018-07-17,7.43,7.44,7.45,7.43,7.45,7.41,7.43
2018-07-18,7.43,7.43,7.45,7.43,7.46,7.41,7.43
2018-07-19,7.43,7.43,7.45,7.42,7.45,7.41,7.42
2018-07-20,7.41,7.4,7.43,7.38,7.43,7.41,7.39
2018-07-21,7.41,7.4,7.43,7.38,7.43,7.41,7.39
2018-07-22,7.41,7.4,7.43,7.38,7.43,7.41,7.39
2018-07-23,7.39,7.36,7.41,7.37,7.43,7.39,7.34
2018-07-24,7.39,7.34,7.41,7.36,7.43,7.39,7.18
2018-07-25,7.38,7.33,7.4,7.36,7.43,7.39,7.26
2018-07-26,7.38,7.33,7.4,7.36,7.43,7.39,7.33
2018-07-27,7.41,7.41,7.41,7.4,7.43,7.39,7.44
2018-07-28,7.41,7.41,7.41,7.4,7.43,7.39,7.44
2018-07-29,7.41,7.41,7.41,7.4,7.43,7.39,7.44
2018-07-30,7.48,7.61,7.48,7.47,7.51,7.5,7.73
2018-07-31,7.49,7.62,7.5,7.49,7.53,7.53,7.78
2018-08-01,7.43,7.42,7.49,7.39,7.53,7.53,7.34
2018-08-02,7.41,7.34,7.49,7.37,7.53,7.53,7.31
2018-08-03,7.41,7.33,7.49,7.36,7.53,7.53,7.32
2018-08-04,7.41,7.33,7.49,7.36,7.53,7.53,7.32
2018-08-05,7.41,7.33,7.49,7.36,7.53,7.53,7.32
2018-08-06,7.41,7.3,7.5,7.34,7.53,7.53,7.27
2018-08-07,7.41,7.3,7.5,7.34,7.53,7.53,7.19
2018-08-08,7.41,7.31,7.49,7.36,7.53,7.53,7.24
2018-08-09,7.45,7.33,7.53,7.37,7.56,7.56,7.28
2018-08-10,7.47,7.33,7.53,7.38,7.57,7.57,7.28
2018-08-11,7.47,7.33,7.53,7.38,7.57,7.57,7.28
2018-08-12,7.47,7.33,7.53,7.38,7.57,7.57,7.28
2018-08-13,7.47,7.35,7.53,7.39,7.57,7.56,7.33
2018-08-14,7.46,7.35,7.54,7.39,7.57,7.57,7.33
2018-08-15,7.48,7.38,7.56,7.4,7.6,7.6,7.37
2018-08-16,7.48,7.34,7.55,7.38,7.61,7.61,7.32
2018-08-17,7.47,7.33,7.55,7.38,7.6,7.6,7.27
2018-08-18,7.47,7.33,7.55,7.38,7.6,7.6,7.27
2018-08-19,7.47,7.33,7.55,7.38,7.6,7.6,7.27
2018-08-20,7.47,7.35,7.56,7.39,7.6,7.6,7.26
2018-08-21,7.47,7.34,7.57,7.38,7.61,7.61,7.23
2018-08-22,7.46,7.34,7.57,7.38,7.61,7.62,7.22
2018-08-23,7.45,7.33,7.57,7.38,7.61,7.62,7.26
2018-08-24,7.45,7.32,7.57,7.38,7.61,7.62,7.19
2018-08-25,7.45,7.32,7.57,7.38,7.61,7.62,7.19
2018-08-26,7.45,7.32,7.57,7.38,7.61,7.62,7.19
2018-08-27,7.45,7.32,7.57,7.38,7.61,7.62,7.28
2018-08-28,7.47,7.36,7.58,7.39,7.62,7.63,7.33
2018-08-29,7.51,7.41,7.6,7.4,7.65,7.67,7.38
2018-08-30,7.53,7.39,7.6,7.39,7.66,7.68,7.33
2018-08-31,7.53,7.38,7.61,7.38,7.66,7.68,7.37
2018-09-01,7.53,7.38,7.61,7.38,7.66,7.68,7.37
2018-09-02,7.53,7.38,7.61,7.38,7.66,7.68,7.37
2018-09-03,7.53,7.38,7.61,7.37,7.68,7.7,7.36
2018-09-04,7.52,7.38,7.62,7.36,7.68,7.71,7.34
2018-09-05,7.5,7.38,7.62,7.36,7.68,7.7,7.3
2018-09-06,7.51,7.38,7.63,7.4,7.7,7.73,7.28
2018-09-07,7.53,7.4,7.67,7.47,7.73,7.78,7.28
2018-09-08,7.53,7.4,7.67,7.47,7.73,7.78,7.28
2018-09-09,7.53,7.4,7.67,7.47,7.73,7.78,7.28
2018-09-10,7.54,7.39,7.68,7.46,7.74,7.79,7.29
2018-09-11,7.6,7.41,7.73,7.51,7.81,7.84,7.27
2018-09-12,7.62,7.47,7.75,7.53,7.83,7.86,7.24
2018-09-13,7.62,7.46,7.75,7.53,7.81,7.86,7.31
2018-09-14,7.62,7.45,7.76,7.51,7.81,7.87,7.3
2018-09-15,7.62,7.45,7.76,7.51,7.81,7.87,7.3
2018-09-16,7.62,7.45,7.76,7.51,7.81,7.87,7.3
2018-09-17,7.87,7.74,7.94,7.77,8.05,8.1,7.63
2018-09-18,7.85,7.74,7.95,7.77,8.07,8.12,7.64
2018-09-19,7.86,7.74,7.97,7.78,8.08,8.12,7.6
2018-09-20,7.84,7.71,7.97,7.76,8.08,8.13,7.56
2018-09-21,7.83,7.67,7.98,7.73,8.07,8.11,7.52
2018-09-22,7.83,7.67,7.98,7.73,8.07,8.11,7.52
2018-09-23,7.83,7.67,7.98,7.73,8.07,8.11,7.52
2018-09-24,7.79,7.62,7.97,7.69,8.06,8.11,7.44
2018-09-25,7.79,7.62,7.97,7.69,8.06,8.11,7.45
2018-09-26,7.83,7.69,7.98,7.73,8.07,8.13,7.56
2018-09-27,7.83,7.68,7.96,7.73,8.08,8.15,7.55
2018-09-28,7.86,7.71,7.98,7.75,8.12,8.18,7.6
2018-09-29,7.86,7.71,7.98,7.75,8.12,8.18,7.6
2018-09-30,7.86,7.71,7.98,7.75,8.12,8.18,7.6
2018-10-01,7.83,7.69,7.97,7.73,8.11,8.18,7.56
2018-10-02,7.83,7.69,7.97,7.74,8.11,8.19,7.55
2018-10-03,7.83,7.68,7.95,7.72,8.11,8.19,7.59
2018-10-04,7.86,7.68,7.98,7.73,8.15,8.21,7.61
2018-10-05,7.89,7.75,8.02,7.78,8.18,8.25,7.76
2018-10-06,7.89,7.75,8.02,7.78,8.18,8.25,7.76
2018-10-07,7.89,7.75,8.02,7.78,8.18,8.25,7.76
2018-10-08,7.91,7.75,8.09,7.79,8.23,8.27,7.71
2018-10-09,7.91,7.75,8.09,7.79,8.23,8.27,7.71
2018-10-10,7.89,7.73,8.09,7.79,8.24,8.33,7.61
2018-10-11,7.89,7.73,8.1,7.79,8.23,8.33,7.63
2018-10-12,7.91,7.74,8.13,7.79,8.28,8.41,7.65
2018-10-13,7.91,7.74,8.13,7.79,8.28,8.41,7.65
2018-10-14,7.91,7.74,8.13,7.79,8.28,8.41,7.65
2018-10-15,7.9,7.76,8.14,7.79,8.3,8.43,7.68
2018-10-16,7.91,7.75,8.13,7.79,8.28,8.43,7.66
2018-10-17,7.94,7.75,8.18,7.83,8.34,8.47,7.63
2018-10-18,7.93,7.74,8.15,7.82,8.33,8.44,7.58
2018-10-19,7.93,7.74,8.14,7.82,8.32,8.43,7.59
2018-10-20,7.93,7.74,8.14,7.82,8.32,8.43,7.59
2018-10-21,7.93,7.74,8.14,7.82,8.32,8.43,7.59
2018-10-22,7.93,7.73,8.13,7.79,8.3,8.42,7.58
2018-10-23,7.93,7.68,8.13,7.78,8.28,8.41,7.43
2018-10-24,7.91,7.67,8.12,7.78,8.3,8.39,7.39
2018-10-25,7.95,7.73,8.18,7.81,8.32,8.41,7.57
2018-10-26,7.95,7.74,8.18,7.81,8.32,8.41,7.55
2018-10-27,7.95,7.74,8.18,7.81,8.32,8.41,7.55
2018-10-28,7.95,7.74,8.18,7.81,8.32,8.41,7.55
2018-10-29,7.94,7.68,8.16,7.79,8.27,8.39,7.51
2018-10-30,7.93,7.68,8.16,7.78,8.28,8.4,7.47
2018-10-31,7.92,7.66,8.15,7.76,8.31,8.43,7.42
2018-11-01,7.93,7.62,8.18,7.73,8.31,8.43,7.25
2018-11-02,7.95,7.64,8.19,7.75,8.31,8.43,7.46
2018-11-03,7.95,7.64,8.19,7.75,8.31,8.43,7.46
2018-11-04,7.95,7.64,8.19,7.75,8.31,8.43,7.46
2018-11-05,7.95,7.64,8.19,7.75,8.31,8.43,7.46
2018-11-06,7.93,7.64,8.22,7.74,8.32,8.43,7.49
2018-11-07,7.93,7.68,8.23,7.76,8.35,8.43,7.58
2018-11-08,7.93,7.7,8.23,7.77,8.35,8.43,7.63
2018-11-09,7.93,7.71,8.23,7.77,8.35,8.43,7.63
2018-11-10,7.93,7.71,8.23,7.77,8.35,8.43,7.63
2018-11-11,7.93,7.71,8.23,7.77,8.35,8.43,7.63
2018-11-12,7.93,7.7,8.23,7.76,8.35,8.43,7.62
2018-11-13,7.94,7.69,8.24,7.76,8.38,8.45,7.61
2018-11-14,7.94,7.68,8.21,7.75,8.37,8.45,7.61
2018-11-15,7.96,7.65,8.2,7.73,8.35,8.45,7.46
2018-11-16,7.93,7.61,8.2,7.71,8.34,8.45,7.4
2018-11-17,7.93,7.61,8.2,7.71,8.34,8.45,7.4
2018-11-18,7.93,7.61,8.2,7.71,8.34,8.45,7.4
2018-11-19,7.93,7.61,8.23,7.72,8.38,8.47,7.51
2018-11-20,7.95,7.65,8.24,7.75,8.42,8.48,7.48
2018-11-21,7.96,7.67,8.26,7.76,8.43,8.48,7.48
2018-11-22,7.94,7.63,8.27,7.74,8.41,8.48,7.46
2018-11-23,7.95,7.64,8.28,7.74,8.41,8.48,7.39
2018-11-24,7.95,7.64,8.28,7.74,8.41,8.48,7.39
2018-11-25,7.95,7.64,8.28,7.74,8.41,8.48,7.39
2018-11-26,7.94,7.69,8.28,7.77,8.41,8.49,7.59
2018-11-27,7.96,7.79,8.3,7.83,8.43,8.5,7.75
2018-11-28,7.98,7.8,8.31,7.83,8.44,8.49,7.74
2018-11-29,7.98,7.77,8.32,7.83,8.45,8.49,7.6
2018-11-30,7.99,7.78,8.34,7.85,8.49,8.52,7.74
2018-12-01,7.99,7.78,8.34,7.85,8.49,8.52,7.74
2018-12-02,7.99,7.78,8.34,7.85,8.49,8.52,7.74
2018-12-03,7.99,7.77,8.33,7.82,8.47,8.52,7.66
2018-12-04,7.98,7.78,8.33,7.83,8.46,8.5,7.69
2018-12-05,7.98,7.78,8.34,7.83,8.46,8.5,7.71
2018-12-06,8.0,7.78,8.36,7.83,8.48,8.52,7.67
2018-12-07,7.96,7.78,8.37,7.84,8.49,8.52,7.71
2018-12-08,7.96,7.78,8.37,7.84,8.49,8.52,7.71
2018-12-09,7.96,7.78,8.37,7.84,8.49,8.52,7.71
2018-12-10,8.0,7.76,8.37,7.8,8.49,8.53,7.67
2018-12-11,8.01,7.78,8.37,7.81,8.49,8.53,7.7
2018-12-12,8.01,7.77,8.38,7.82,8.5,8.53,7.7
2018-12-13,8.03,7.78,8.38,7.83,8.5,8.53,7.7
2018-12-14,8.06,7.79,8.42,7.83,8.5,8.54,7.73
2018-12-15,8.06,7.79,8.42,7.83,8.5,8.54,7.73
2018-12-16,8.06,7.79,8.42,7.83,8.5,8.54,7.73
2018-12-17,8.22,7.99,8.53,8.08,8.58,8.64,7.93
2018-12-18,8.29,8.03,8.57,8.13,8.63,8.7,7.92
2018-12-19,8.3,8.02,8.58,8.16,8.63,8.7,7.98
2018-12-20,8.28,8.03,8.58,8.15,8.63,8.7,7.97
2018-12-21,8.28,8.05,8.58,8.13,8.61,8.7,7.93
2018-12-22,8.28,8.05,8.58,8.13,8.61,8.7,7.93
2018-12-23,8.28,8.05,8.58,8.13,8.61,8.7,7.93
2018-12-24,8.28,8.05,8.58,8.13,8.61,8.7,7.94
2018-12-25,8.28,8.05,8.58,8.13,8.61,8.7,7.94
2018-12-26,8.28,8.03,8.58,8.13,8.61,8.7,7.9
2018-12-27,8.26,8.03,8.58,8.12,8.65,8.71,7.9
2018-12-28,8.24,7.94,8.55,8.08,8.59,8.68,7.65
2018-12-29,8.22,7.98,8.55,8.1,8.58,8.67,7.65
2018-12-30,8.22,7.98,8.55,8.1,8.58,8.67,7.65
2018-12-31,8.22,7.98,8.55,8.1,8.58,8.67,7.65
2019-01-01,8.22,7.98,8.55,8.1,8.58,8.67,7.65
2019-01-02,8.22,7.98,8.55,8.1,8.58,8.67,7.65
2019-01-03,8.22,7.98,8.55,8.1,8.58,8.67,7.65
2019-01-04,8.22,7.98,8.55,8.1,8.58,8.67,7.65
2019-01-05,8.22,7.98,8.55,8.1,8.58,8.67,7.65
2019-01-06,8.22,7.98,8.55,8.1,8.58,8.67,7.65
2019-01-07,8.22,7.98,8.55,8.1,8.58,8.67,7.65
2019-01-08,8.22,7.98,8.55,8.1,8.58,8.67,7.65
2019-01-09,8.21,7.98,8.53,8.06,8.62,8.7,7.91
2019-01-10,8.22,7.94,8.54,8.03,8.63,8.72,7.88
2019-01-11,8.23,7.93,8.54,8.02,8.64,8.72,7.88
2019-01-12,8.23,7.93,8.54,8.02,8.64,8.72,7.88
2019-01-13,8.23,7.93,8.54,8.02,8.64,8.72,7.88
2019-01-14,8.23,7.92,8.54,8.02,8.6,8.68,7.83
2019-01-15,8.23,7.9,8.54,8.0,8.59,8.68,7.82
2019-01-16,8.23,7.89,8.54,7.99,8.59,8.68,7.85
2019-01-17,8.23,7.89,8.53,7.99,8.58,8.68,7.86
2019-01-18,8.23,7.91,8.53,8.01,8.58,8.68,7.87
2019-01-19,8.23,7.91,8.53,8.01,8.58,8.68,7.87
2019-01-20,8.23,7.91,8.53,8.01,8.58,8.68,7.87
2019-01-21,8.23,7.95,8.53,8.04,8.58,8.68,7.88
2019-01-22,8.23,8.01,8.53,8.08,8.58,8.68,7.98
2019-01-23,8.24,8.04,8.53,8.09,8.58,8.68,7.98
2019-01-24,8.24,8.03,8.53,8.09,8.58,8.68,7.95
2019-01-25,8.25,8.02,8.5,8.09,8.56,8.68,7.95
2019-01-26,8.25,8.02,8.5,8.09,8.56,8.68,7.95
2019-01-27,8.25,8.02,8.5,8.09,8.56,8.68,7.95
2019-01-28,8.25,8.04,8.5,8.09,8.56,8.68,7.99
2019-01-29,8.25,8.06,8.5,8.12,8.57,8.68,8.01
2019-01-30,8.25,8.06,8.5,8.12,8.57,8.68,7.98
2019-01-31,8.26,8.06,8.52,8.12,8.57,8.68,7.96
2019-02-01,8.24,8.04,8.51,8.1,8.58,8.68,7.84
2019-02-02,8.24,8.04,8.51,8.1,8.58,8.68,7.84
2019-02-03,8.24,8.04,8.51,8.1,8.58,8.68,7.84
2019-02-04,8.23,7.93,8.53,8.05,8.62,8.7,7.78
2019-02-05,8.23,7.93,8.54,8.06,8.63,8.71,7.8
2019-02-06,8.23,7.93,8.51,8.06,8.6,8.69,7.83
2019-02-07,8.23,7.92,8.52,8.03,8.62,8.69,7.81
2019-02-08,8.23,7.88,8.52,8.01,8.62,8.69,7.8
2019-02-09,8.23,7.88,8.52,8.01,8.62,8.69,7.8
2019-02-10,8.23,7.88,8.52,8.01,8.62,8.69,7.8
2019-02-11,8.23,7.83,8.52,8.01,8.63,8.69,7.77
2019-02-12,8.25,7.83,8.49,7.99,8.62,8.68,7.77
2019-02-13,8.25,7.85,8.49,7.98,8.6,8.68,7.75
2019-02-14,8.25,7.85,8.5,7.98,8.62,8.68,7.74
2019-02-15,8.25,7.87,8.5,7.98,8.62,8.68,7.82
2019-02-16,8.25,7.87,8.5,7.98,8.62,8.68,7.82
2019-02-17,8.25,7.87,8.5,7.98,8.62,8.68,7.82
2019-02-18,8.25,7.84,8.5,7.98,8.62,8.68,7.79
2019-02-19,8.25,7.86,8.5,7.98,8.62,8.68,7.82
2019-02-20,8.25,7.86,8.52,7.98,8.62,8.68,7.84
2019-02-21,8.25,7.85,8.51,8.0,8.62,8.68,7.69
2019-02-22,8.24,7.82,8.48,7.98,8.62,8.68,7.58
2019-02-23,8.24,7.82,8.48,7.98,8.62,8.68,7.58
2019-02-24,8.24,7.82,8.48,7.98,8.62,8.68,7.58
2019-02-25,8.24,7.8,8.48,7.96,8.62,8.68,7.67
2019-02-26,8.24,7.83,8.48,7.97,8.62,8.68,7.71
2019-02-27,8.24,7.86,8.48,7.97,8.62,8.68,7.78
2019-02-28,8.24,7.87,8.48,7.98,8.63,8.7,7.82
2019-03-01,8.24,7.88,8.5,8.0,8.64,8.69,7.86
2019-03-02,8.24,7.88,8.5,8.0,8.64,8.69,7.86
2019-03-03,8.24,7.88,8.5,8.0,8.64,8.69,7.86
2019-03-04,8.24,7.92,8.5,8.01,8.64,8.69,7.88
2019-03-05,8.24,7.9,8.5,8.0,8.63,8.69,7.88
2019-03-06,8.23,7.91,8.46,8.0,8.61,8.69,7.9
2019-03-07,8.23,7.91,8.45,8.0,8.6,8.69,7.92
2019-03-08,8.23,7.91,8.45,8.0,8.6,8.69,7.92
2019-03-09,8.23,7.91,8.45,8.0,8.6,8.69,7.92
2019-03-10,8.23,7.91,8.45,8.0,8.6,8.69,7.92
2019-03-11,8.23,7.89,8.45,8.0,8.6,8.68,7.89
2019-03-12,8.21,7.88,8.38,7.99,8.51,8.63,7.85
2019-03-13,8.21,7.89,8.34,7.99,8.45,8.58,7.83
2019-03-14,8.21,7.88,8.34,7.99,8.44,8.57,7.75
2019-03-15,8.21,7.87,8.34,7.99,8.44,8.55,7.75
2019-03-16,8.21,7.87,8.34,7.99,8.44,8.55,7.75
2019-03-17,8.21,7.87,8.34,7.99,8.44,8.55,7.75
2019-03-18,8.22,7.84,8.37,7.98,8.47,8.58,7.74
2019-03-19,8.18,7.84,8.35,7.98,8.44,8.55,7.74
2019-03-20,8.16,7.86,8.31,7.98,8.39,8.5,7.73
2019-03-21,8.15,7.84,8.27,7.98,8.34,8.48,7.7
2019-03-22,8.14,7.84,8.25,7.98,8.33,8.48,7.7
2019-03-23,8.14,7.84,8.25,7.98,8.33,8.48,7.7
2019-03-24,8.14,7.84,8.25,7.98,8.33,8.48,7.7
2019-03-25,8.16,7.85,8.25,7.98,8.31,8.45,7.81
2019-03-26,8.16,7.9,8.26,7.98,8.31,8.45,7.92
2019-03-27,8.17,7.93,8.26,7.99,8.31,8.45,7.92
2019-03-28,8.18,7.92,8.26,7.98,8.31,8.45,7.83
2019-03-29,8.17,7.91,8.26,7.98,8.31,8.45,7.9
2019-03-30,8.17,7.91,8.26,7.98,8.31,8.45,7.9
2019-03-31,8.17,7.91,8.26,7.98,8.31,8.45,7.9
2019-04-01,8.17,7.88,8.26,7.98,8.31,8.43,7.88
2019-04-02,8.17,7.88,8.26,7.98,8.31,8.43,7.88
2019-04-03,8.16,7.89,8.25,7.98,8.3,8.43,7.89
2019-04-04,8.16,7.89,8.25,7.98,8.3,8.43,7.9
2019-04-05,8.16,7.94,8.24,7.98,8.3,8.45,7.96
2019-04-06,8.16,7.94,8.24,7.98,8.3,8.45,7.96
2019-04-07,8.16,7.94,8.24,7.98,8.3,8.45,7.96
2019-04-08,8.17,7.92,8.25,7.98,8.31,8.45,7.89
2019-04-09,8.16,7.92,8.25,7.98,8.31,8.45,7.88
2019-04-10,8.16,7.91,8.25,7.98,8.31,8.45,7.88
2019-04-11,8.16,7.93,8.25,7.98,8.31,8.45,7.91
2019-04-12,8.16,7.96,8.25,7.98,8.31,8.45,7.98
2019-04-13,8.16,7.96,8.25,7.98,8.31,8.45,7.98
2019-04-14,8.16,7.96,8.25,7.98,8.31,8.45,7.98
2019-04-15,8.16,8.0,8.25,8.0,8.31,8.45,7.98
2019-04-16,8.16,8.0,8.25,8.0,8.31,8.45,8.04
2019-04-17,8.16,8.0,8.25,8.0,8.31,8.45,7.98
2019-04-18,8.16,7.98,8.25,8.0,8.31,8.45,7.97
2019-04-19,8.16,7.98,8.25,8.0,8.31,8.45,7.91
2019-04-20,8.16,7.98,8.25,8.0,8.31,8.45,7.91
2019-04-21,8.16,7.98,8.25,8.0,8.31,8.45,7.91
2019-04-22,8.16,7.97,8.25,8.0,8.31,8.45,7.85
2019-04-23,8.16,7.96,8.25,8.0,8.31,8.45,7.81
2019-04-24,8.16,7.93,8.25,7.99,8.31,8.45,7.78
2019-04-25,8.16,7.95,8.25,7.99,8.31,8.45,7.84
2019-04-26,8.16,7.96,8.25,7.99,8.31,8.45,7.85
2019-04-27,8.16,7.96,8.25,7.99,8.31,8.45,7.85
2019-04-28,8.16,7.96,8.25,7.99,8.31,8.45,7.85
2019-04-29,8.15,7.95,8.24,7.99,8.31,8.45,7.87
2019-04-30,8.12,7.97,8.23,8.0,8.28,8.42,7.9
2019-05-01,8.12,7.97,8.23,8.0,8.28,8.42,7.9
2019-05-02,8.12,7.97,8.23,8.0,8.28,8.42,7.9
2019-05-03,8.12,7.97,8.23,8.0,8.28,8.42,7.9
2019-05-04,8.12,7.97,8.23,8.0,8.28,8.42,7.9
2019-05-05,8.12,7.97,8.23,8.0,8.28,8.42,7.9
2019-05-06,8.08,7.9,8.19,7.98,8.25,8.38,7.76
2019-05-07,8.08,7.85,8.19,7.93,8.25,8.38,7.76
2019-05-08,8.08,7.85,8.19,7.93,8.27,8.38,7.77
2019-05-09,8.08,7.85,8.19,7.93,8.27,8.38,7.77
2019-05-10,8.08,7.85,8.19,7.93,8.27,8.38,7.77
2019-05-11,8.08,7.85,8.19,7.93,8.27,8.38,7.77
2019-05-12,8.08,7.85,8.19,7.93,8.27,8.38,7.77
2019-05-13,8.08,7.88,8.18,7.98,8.23,8.38,7.78
2019-05-14,8.08,7.9,8.18,7.98,8.23,8.37,7.85
2019-05-15,8.08,7.9,8.18,7.98,8.23,8.38,7.83
2019-05-16,8.06,7.86,8.17,7.94,8.23,8.36,7.78
2019-05-17,8.06,7.86,8.17,7.94,8.23,8.36,7.8
2019-05-18,8.06,7.86,8.17,7.94,8.23,8.36,7.8
2019-05-19,8.06,7.86,8.17,7.94,8.23,8.36,7.8
2019-05-20,8.06,7.86,8.17,7.9,8.23,8.36,7.79
2019-05-21,8.09,7.88,8.18,7.95,8.24,8.33,7.84
2019-05-22,8.08,7.87,8.18,7.94,8.23,8.32,7.78
2019-05-23,8.07,7.83,8.17,7.94,8.21,8.3,7.71
2019-05-24,8.06,7.81,8.16,7.94,8.2,8.29,7.63
2019-05-25,8.06,7.81,8.16,7.94,8.2,8.29,7.63
2019-05-26,8.06,7.81,8.16,7.94,8.2,8.29,7.63
2019-05-27,8.03,7.81,8.13,7.92,8.18,8.28,7.75
2019-05-28,8.04,7.86,8.13,7.93,8.18,8.28,7.88
2019-05-29,8.07,7.92,8.15,7.96,8.19,8.29,7.92
2019-05-30,8.08,8.02,8.16,8.0,8.22,8.29,8.08
2019-05-31,8.08,8.05,8.16,8.01,8.23,8.29,8.09
2019-06-01,8.08,8.05,8.16,8.01,8.23,8.29,8.09
2019-06-02,8.08,8.05,8.16,8.01,8.23,8.29,8.09
2019-06-03,8.08,8.03,8.18,8.03,8.23,8.31,7.99
2019-06-04,8.07,8.01,8.19,8.03,8.24,8.33,7.96
2019-06-05,8.08,7.98,8.19,8.01,8.24,8.33,7.88
2019-06-06,8.08,7.98,8.19,8.01,8.24,8.33,7.91
2019-06-07,8.07,7.98,8.19,8.0,8.24,8.32,7.93
2019-06-08,8.07,7.98,8.19,8.0,8.24,8.32,7.93
2019-06-09,8.07,7.98,8.19,8.0,8.24,8.32,7.93
2019-06-10,8.07,7.98,8.17,8.0,8.21,8.29,7.94
2019-06-11,8.05,7.94,8.14,7.98,8.18,8.28,7.86
2019-06-12,8.05,7.94,8.14,7.98,8.18,8.28,7.86
2019-06-13,8.05,7.93,8.14,7.97,8.18,8.28,7.82
2019-06-14,8.03,7.89,8.1,7.94,8.14,8.23,7.81
2019-06-15,8.03,7.89,8.1,7.94,8.14,8.23,7.81
2019-06-16,8.03,7.89,8.1,7.94,8.14,8.23,7.81
2019-06-17,7.89,7.75,7.99,7.8,8.06,8.12,7.7
2019-06-18,7.86,7.73,7.97,7.78,8.04,8.1,7.7
2019-06-19,7.86,7.74,7.97,7.78,8.04,8.1,7.66
2019-06-20,7.87,7.74,7.98,7.78,8.04,8.1,7.67
2019-06-21,7.88,7.73,7.98,7.78,8.03,8.09,7.67
2019-06-22,7.88,7.73,7.98,7.78,8.03,8.09,7.67
2019-06-23,7.88,7.73,7.98,7.78,8.03,8.09,7.67
2019-06-24,7.87,7.73,7.98,7.78,8.03,8.09,7.66
2019-06-25,7.87,7.76,7.98,7.8,8.03,8.09,7.73
2019-06-26,7.87,7.77,7.98,7.78,8.03,8.09,7.73
2019-06-27,7.87,7.76,7.98,7.79,8.03,8.09,7.71
2019-06-28,7.87,7.75,7.98,7.79,8.03,8.09,7.72
2019-06-29,7.87,7.75,7.98,7.79,8.03,8.09,7.72
2019-06-30,7.87,7.75,7.98,7.79,8.03,8.09,7.72
2019-07-01,7.83,7.74,7.94,7.78,8.0,8.07,7.68
2019-07-02,7.83,7.73,7.93,7.76,7.99,8.06,7.64
2019-07-03,7.83,7.73,7.94,7.76,7.99,8.06,7.6
2019-07-04,7.83,7.73,7.94,7.75,7.99,8.06,7.56
2019-07-05,7.85,7.73,7.94,7.76,7.99,8.06,7.56
2019-07-06,7.85,7.73,7.94,7.76,7.99,8.06,7.56
2019-07-07,7.85,7.73,7.94,7.76,7.99,8.06,7.56
2019-07-08,7.84,7.73,7.94,7.75,7.99,8.06,7.58
2019-07-09,7.83,7.73,7.93,7.74,7.98,8.04,7.61
2019-07-10,7.81,7.71,7.93,7.73,7.98,8.04,7.62
2019-07-11,7.78,7.67,7.9,7.71,7.96,8.03,7.57
2019-07-12,7.77,7.66,7.89,7.7,7.95,8.03,7.56
2019-07-13,7.77,7.66,7.89,7.7,7.95,8.03,7.56
2019-07-14,7.77,7.66,7.89,7.7,7.95,8.03,7.56
2019-07-15,7.77,7.66,7.88,7.7,7.93,8.03,7.56
2019-07-16,7.77,7.67,7.88,7.71,7.93,8.03,7.56
2019-07-17,7.77,7.67,7.88,7.71,7.94,8.03,7.55
2019-07-18,7.76,7.67,7.88,7.7,7.93,8.02,7.55
2019-07-19,7.76,7.66,7.88,7.7,7.93,8.01,7.56
2019-07-20,7.76,7.66,7.88,7.7,7.93,8.01,7.56
2019-07-21,7.76,7.66,7.88,7.7,7.93,8.01,7.56
2019-07-22,7.76,7.66,7.85,7.69,7.89,7.96,7.53
2019-07-23,7.73,7.64,7.8,7.68,7.83,7.9,7.53
2019-07-24,7.68,7.59,7.75,7.62,7.77,7.85,7.47
2019-07-25,7.68,7.57,7.73,7.6,7.76,7.84,7.45
2019-07-26,7.61,7.53,7.68,7.53,7.7,7.78,7.46
2019-07-27,7.61,7.53,7.68,7.53,7.7,7.78,7.46
2019-07-28,7.61,7.53,7.68,7.53,7.7,7.78,7.46
2019-07-29,7.55,7.47,7.63,7.48,7.67,7.74,7.39
2019-07-30,7.55,7.48,7.61,7.49,7.64,7.68,7.43
2019-07-31,7.56,7.54,7.58,7.53,7.63,7.68,7.51
2019-08-01,7.54,7.5,7.59,7.49,7.64,7.68,7.46
2019-08-02,7.54,7.5,7.61,7.48,7.66,7.7,7.46
2019-08-03,7.54,7.5,7.61,7.48,7.66,7.7,7.46
2019-08-04,7.54,7.5,7.61,7.48,7.66,7.7,7.46
2019-08-05,7.53,7.49,7.61,7.48,7.66,7.7,7.43
2019-08-06,7.5,7.48,7.61,7.46,7.66,7.7,7.37
2019-08-07,7.5,7.47,7.6,7.47,7.63,7.68,7.41
2019-08-08,7.5,7.45,7.61,7.46,7.63,7.67,7.4
2019-08-09,7.5,7.44,7.6,7.46,7.63,7.67,7.41
2019-08-10,7.5,7.44,7.6,7.46,7.63,7.67,7.41
2019-08-11,7.5,7.44,7.6,7.46,7.63,7.67,7.41
2019-08-12,7.5,7.44,7.6,7.46,7.63,7.67,7.41
2019-08-13,7.5,7.44,7.6,7.46,7.63,7.66,7.38
2019-08-14,7.48,7.42,7.59,7.43,7.63,7.64,7.37
2019-08-15,7.46,7.4,7.58,7.42,7.63,7.64,7.36
2019-08-16,7.46,7.4,7.56,7.42,7.61,7.63,7.37
2019-08-17,7.46,7.4,7.56,7.42,7.61,7.63,7.37
2019-08-18,7.46,7.4,7.56,7.42,7.61,7.63,7.37
2019-08-19,7.46,7.41,7.55,7.43,7.59,7.61,7.37
2019-08-20,7.46,7.41,7.55,7.44,7.59,7.61,7.38
2019-08-21,7.46,7.39,7.55,7.43,7.59,7.61,7.38
2019-08-22,7.46,7.39,7.55,7.42,7.59,7.61,7.37
2019-08-23,7.46,7.39,7.55,7.41,7.59,7.61,7.34
2019-08-24,7.46,7.39,7.55,7.41,7.59,7.61,7.34
2019-08-25,7.46,7.39,7.55,7.41,7.59,7.61,7.34
2019-08-26,7.47,7.43,7.55,7.43,7.59,7.61,7.39
2019-08-27,7.47,7.43,7.53,7.43,7.58,7.6,7.41
2019-08-28,7.47,7.43,7.53,7.43,7.58,7.6,7.43
2019-08-29,7.47,7.41,7.53,7.43,7.58,7.6,7.4
2019-08-30,7.47,7.4,7.53,7.43,7.58,7.6,7.38
2019-08-31,7.47,7.4,7.53,7.43,7.58,7.6,7.38
2019-09-01,7.47,7.4,7.53,7.43,7.58,7.6,7.38
2019-09-02,7.47,7.4,7.53,7.41,7.58,7.6,7.38
2019-09-03,7.47,7.4,7.51,7.41,7.55,7.58,7.37
2019-09-04,7.4,7.36,7.44,7.34,7.49,7.57,7.29
2019-09-05,7.33,7.29,7.38,7.29,7.43,7.53,7.23
2019-09-06,7.29,7.17,7.33,7.22,7.38,7.48,7.07
2019-09-07,7.29,7.17,7.33,7.22,7.38,7.48,7.07
2019-09-08,7.29,7.17,7.33,7.22,7.38,7.48,7.07
2019-09-09,7.23,7.13,7.28,7.18,7.32,7.43,6.99
2019-09-10,7.19,7.09,7.23,7.13,7.28,7.35,6.98
2019-09-11,7.18,7.08,7.21,7.12,7.26,7.33,7.01
2019-09-12,7.18,7.08,7.21,7.13,7.26,7.33,7.03
2019-09-13,7.18,7.09,7.21,7.13,7.26,7.33,7.02
2019-09-14,7.18,7.09,7.21,7.13,7.26,7.33,7.02
2019-09-15,7.18,7.09,7.21,7.13,7.26,7.33,7.02
2019-09-16,7.18,7.09,7.21,7.13,7.26,7.33,7.02
2019-09-17,7.16,7.08,7.18,7.12,7.24,7.32,7.02
2019-09-18,7.13,7.08,7.16,7.09,7.23,7.29,7.02
2019-09-19,7.12,7.08,7.16,7.09,7.23,7.29,7.03
2019-09-20,7.12,7.08,7.16,7.08,7.23,7.29,7.03
2019-09-21,7.12,7.08,7.16,7.08,7.23,7.29,7.03
2019-09-22,7.12,7.08,7.16,7.08,7.23,7.29,7.03
2019-09-23,7.12,7.08,7.16,7.08,7.23,7.29,7.02
2019-09-24,7.13,7.09,7.18,7.1,7.24,7.31,7.02
2019-09-25,7.13,7.08,7.17,7.08,7.22,7.29,7.01
2019-09-26,7.13,7.07,7.15,7.08,7.21,7.28,7.0
2019-09-27,7.13,7.08,7.15,7.1,7.21,7.28,7.03
2019-09-28,7.13,7.08,7.15,7.1,7.21,7.28,7.03
2019-09-29,7.13,7.08,7.15,7.1,7.21,7.28,7.03
2019-09-30,7.15,7.11,7.18,7.11,7.21,7.28,7.04
2019-10-01,7.13,7.1,7.15,7.09,7.19,7.27,7.06
2019-10-02,7.12,7.12,7.14,7.1,7.18,7.26,7.1
2019-10-03,7.13,7.13,7.14,7.09,7.18,7.25,7.1
2019-10-04,7.13,7.13,7.14,7.08,7.19,7.25,7.08
2019-10-05,7.13,7.13,7.14,7.08,7.19,7.25,7.08
2019-10-06,7.13,7.13,7.14,7.08,7.19,7.25,7.08
2019-10-07,7.13,7.14,7.14,7.08,7.19,7.25,7.14
2019-10-08,7.13,7.15,7.14,7.08,7.19,7.25,7.18
2019-10-09,7.13,7.15,7.14,7.08,7.19,7.25,7.16
2019-10-10,7.13,7.13,7.14,7.08,7.19,7.25,7.13
2019-10-11,7.12,7.13,7.13,7.07,7.17,7.24,7.12
2019-10-12,7.12,7.13,7.13,7.07,7.17,7.24,7.12
2019-10-13,7.12,7.13,7.13,7.07,7.17,7.24,7.12
2019-10-14,7.1,7.13,7.13,7.06,7.15,7.24,7.12
2019-10-15,7.1,7.14,7.13,7.07,7.15,7.24,7.13
2019-10-16,7.1,7.14,7.13,7.09,7.17,7.24,7.12
2019-10-17,7.1,7.14,7.13,7.09,7.18,7.24,7.1
2019-10-18,7.08,7.13,7.1,7.1,7.15,7.2,7.1
2019-10-19,7.08,7.13,7.1,7.1,7.15,7.2,7.1
2019-10-20,7.08,7.13,7.1,7.1,7.15,7.2,7.1
2019-10-21,7.08,7.11,7.08,7.07,7.16,7.22,7.08
2019-10-22,7.03,7.03,7.03,7.01,7.08,7.13,7.01
2019-10-23,7.03,7.0,7.04,6.99,7.08,7.13,6.93
2019-10-24,7.0,6.98,7.03,6.98,7.05,7.08,6.94
2019-10-25,6.98,6.96,7.02,6.96,7.03,7.04,7.03
2019-10-26,6.98,6.96,7.02,6.96,7.03,7.04,7.03
2019-10-27,6.98,6.96,7.02,6.96,7.03,7.04,7.03
2019-10-28,6.83,6.77,6.86,6.78,6.89,6.92,6.77
2019-10-29,6.78,6.74,6.81,6.75,6.84,6.86,6.78
2019-10-30,6.78,6.76,6.81,6.76,6.83,6.86,6.78
2019-10-31,6.77,6.73,6.79,6.74,6.84,6.85,6.74
2019-11-01,6.75,6.72,6.79,6.73,6.83,6.83,6.7
2019-11-02,6.75,6.72,6.79,6.73,6.83,6.83,6.7
2019-11-03,6.75,6.72,6.79,6.73,6.83,6.83,6.7
2019-11-04,6.75,6.72,6.79,6.73,6.83,6.83,6.7
2019-11-05,6.75,6.7,6.78,6.71,6.83,6.83,6.68
2019-11-06,6.75,6.69,6.78,6.7,6.83,6.83,6.69
2019-11-07,6.75,6.69,6.78,6.7,6.83,6.83,6.68
2019-11-08,6.75,6.69,6.78,6.7,6.83,6.83,6.68
2019-11-09,6.75,6.69,6.78,6.7,6.83,6.83,6.68
2019-11-10,6.75,6.69,6.78,6.7,6.83,6.83,6.68
2019-11-11,6.75,6.69,6.78,6.69,6.82,6.83,6.68
2019-11-12,6.74,6.68,6.77,6.68,6.81,6.83,6.67
2019-11-13,6.74,6.68,6.76,6.68,6.79,6.82,6.63
2019-11-14,6.74,6.68,6.76,6.68,6.79,6.81,6.63
2019-11-15,6.74,6.68,6.76,6.68,6.79,6.81,6.63
2019-11-16,6.74,6.68,6.76,6.68,6.79,6.81,6.63
2019-11-17,6.74,6.68,6.76,6.68,6.79,6.81,6.63
2019-11-18,6.73,6.68,6.76,6.68,6.78,6.81,6.63
2019-11-19,6.73,6.68,6.76,6.68,6.78,6.81,6.65
2019-11-20,6.73,6.68,6.76,6.68,6.78,6.81,6.65
2019-11-21,6.73,6.68,6.76,6.68,6.78,6.81,6.64
2019-11-22,6.73,6.68,6.76,6.68,6.78,6.81,6.62
2019-11-23,6.73,6.68,6.76,6.68,6.78,6.81,6.62
2019-11-24,6.73,6.68,6.76,6.68,6.78,6.81,6.62
2019-11-25,6.73,6.68,6.76,6.68,6.78,6.81,6.62
2019-11-26,6.73,6.68,6.76,6.68,6.78,6.81,6.63
2019-11-27,6.73,6.68,6.76,6.68,6.78,6.81,6.63
2019-11-28,6.73,6.68,6.76,6.68,6.78,6.81,6.63
2019-11-29,6.73,6.68,6.76,6.68,6.78,6.81,6.64
2019-11-30,6.73,6.68,6.76,6.68,6.78,6.81,6.64
2019-12-01,6.73,6.68,6.76,6.68,6.78,6.81,6.64
2019-12-02,6.73,6.68,6.76,6.68,6.78,6.81,6.64
2019-12-03,6.73,6.68,6.76,6.68,6.78,6.81,6.66
2019-12-04,6.73,6.67,6.76,6.67,6.78,6.81,6.63
2019-12-05,6.73,6.66,6.75,6.65,6.78,6.81,6.63
2019-12-06,6.73,6.64,6.73,6.63,6.77,6.8,6.58
2019-12-07,6.73,6.64,6.73,6.63,6.77,6.8,6.58
2019-12-08,6.73,6.64,6.73,6.63,6.77,6.8,6.58
2019-12-09,6.71,6.63,6.73,6.65,6.76,6.79,6.56
2019-12-10,6.69,6.63,6.73,6.65,6.75,6.78,6.56
2019-12-11,6.64,6.57,6.67,6.59,6.71,6.73,6.52
2019-12-12,6.59,6.54,6.6,6.56,6.65,6.68,6.45
2019-12-13,6.54,6.52,6.55,6.53,6.6,6.63,6.34
2019-12-14,6.54,6.52,6.55,6.53,6.6,6.63,6.34
2019-12-15,6.54,6.52,6.55,6.53,6.6,6.63,6.34
2019-12-16,6.47,6.41,6.48,6.43,6.54,6.55,6.21
2019-12-17,6.46,6.37,6.46,6.39,6.51,6.52,6.2
2019-12-18,6.46,6.36,6.46,6.4,6.5,6.52,6.21
2019-12-19,6.46,6.36,6.46,6.41,6.5,6.52,6.23
2019-12-20,6.44,6.38,6.46,6.42,6.48,6.5,6.33
2019-12-21,6.44,6.38,6.46,6.42,6.48,6.5,6.33
2019-12-22,6.44,6.38,6.46,6.42,6.48,6.5,6.33
2019-12-23,6.43,6.39,6.46,6.39,6.47,6.49,6.28
2019-12-24,6.43,6.41,6.46,6.39,6.47,6.49,6.39
2019-12-25,6.43,6.39,6.46,6.39,6.47,6.49,6.41
2019-12-26,6.43,6.41,6.46,6.41,6.47,6.49,6.4
2019-12-27,6.43,6.43,6.46,6.42,6.47,6.49,6.43
2019-12-28,6.43,6.43,6.46,6.42,6.47,6.49,6.43
2019-12-29,6.43,6.43,6.46,6.42,6.47,6.49,6.43
2019-12-30,6.42,6.42,6.43,6.42,6.46,6.47,6.37
2019-12-31,6.41,6.37,6.42,6.38,6.45,6.48,6.37
2020-01-01,6.41,6.37,6.42,6.38,6.45,6.48,6.37
2020-01-02,6.41,6.37,6.42,6.38,6.45,6.48,6.37
2020-01-03,6.41,6.37,6.42,6.38,6.45,6.48,6.37
2020-01-04,6.41,6.37,6.42,6.38,6.45,6.48,6.37
2020-01-05,6.41,6.37,6.42,6.38,6.45,6.48,6.37
2020-01-06,6.41,6.37,6.42,6.38,6.45,6.48,6.37
2020-01-07,6.41,6.37,6.42,6.38,6.45,6.48,6.37
2020-01-08,6.41,6.37,6.42,6.38,6.45,6.48,6.37
2020-01-09,6.4,6.42,6.41,6.39,6.42,6.47,6.39
2020-01-10,6.41,6.43,6.41,6.41,6.43,6.48,6.36
2020-01-11,6.41,6.43,6.41,6.41,6.43,6.48,6.36
2020-01-12,6.41,6.43,6.41,6.41,6.43,6.48,6.36
2020-01-13,6.42,6.39,6.43,6.4,6.45,6.48,6.37
2020-01-14,6.43,6.38,6.44,6.39,6.47,6.48,6.33
2020-01-15,6.43,6.38,6.44,6.39,6.47,6.48,6.33
2020-01-16,6.43,6.38,6.43,6.4,6.47,6.48,6.33
2020-01-17,6.42,6.38,6.43,6.4,6.45,6.47,6.3
2020-01-18,6.42,6.38,6.43,6.4,6.45,6.47,6.3
2020-01-19,6.42,6.38,6.43,6.4,6.45,6.47,6.3
2020-01-20,6.42,6.38,6.43,6.4,6.44,6.47,6.31
2020-01-21,6.42,6.38,6.43,6.4,6.44,6.47,6.3
2020-01-22,6.42,6.38,6.43,6.4,6.44,6.47,6.3
2020-01-23,6.43,6.39,6.44,6.41,6.45,6.47,6.33
2020-01-24,6.43,6.39,6.44,6.41,6.46,6.47,6.33
2020-01-25,6.43,6.39,6.44,6.41,6.46,6.47,6.33
2020-01-26,6.43,6.39,6.44,6.41,6.46,6.47,6.33
2020-01-27,6.43,6.39,6.44,6.41,6.46,6.47,6.34
2020-01-28,6.43,6.41,6.44,6.42,6.46,6.47,6.37
2020-01-29,6.43,6.41,6.44,6.43,6.46,6.47,6.37
2020-01-30,6.41,6.39,6.44,6.41,6.46,6.47,6.38
2020-01-31,6.41,6.39,6.43,6.4,6.46,6.47,6.36
2020-02-01,6.41,6.39,6.43,6.4,6.46,6.47,6.36
2020-02-02,6.41,6.39,6.43,6.4,6.46,6.47,6.36
2020-02-03,6.4,6.38,6.43,6.39,6.46,6.47,6.34
2020-02-04,6.39,6.36,6.43,6.38,6.46,6.47,6.3
2020-02-05,6.39,6.36,6.43,6.37,6.46,6.47,6.3
2020-02-06,6.39,6.36,6.43,6.37,6.46,6.47,6.3
2020-02-07,6.38,6.35,6.43,6.38,6.45,6.47,6.32
2020-02-08,6.38,6.35,6.43,6.38,6.45,6.47,6.32
2020-02-09,6.38,6.35,6.43,6.38,6.45,6.47,6.32
2020-02-10,6.31,6.25,6.33,6.28,6.35,6.37,6.2
2020-02-11,6.25,6.18,6.26,6.22,6.28,6.3,6.13
2020-02-12,6.24,6.18,6.25,6.23,6.27,6.29,6.1
2020-02-13,6.24,6.18,6.26,6.23,6.28,6.3,6.09
2020-02-14,6.25,6.18,6.26,6.23,6.28,6.3,6.09
2020-02-15,6.25,6.18,6.26,6.23,6.28,6.3,6.09
2020-02-16,6.25,6.18,6.26,6.23,6.28,6.3,6.09
2020-02-17,6.23,6.18,6.26,6.22,6.28,6.3,6.09
2020-02-18,6.22,6.17,6.25,6.2,6.27,6.3,6.09
2020-02-19,6.2,6.14,6.23,6.18,6.24,6.28,6.08
2020-02-20,6.2,6.13,6.23,6.17,6.23,6.28,6.06
2020-02-21,6.19,6.13,6.23,6.16,6.23,6.28,6.06
2020-02-22,6.19,6.13,6.23,6.16,6.23,6.28,6.06
2020-02-23,6.19,6.13,6.23,6.16,6.23,6.28,6.06
2020-02-24,6.19,6.13,6.23,6.16,6.23,6.28,6.06
2020-02-25,6.2,6.13,6.22,6.17,6.23,6.28,6.08
2020-02-26,6.21,6.15,6.22,6.18,6.23,6.28,6.1
2020-02-27,6.21,6.16,6.23,6.19,6.23,6.28,6.13
2020-02-28,6.24,6.21,6.27,6.24,6.26,6.31,6.19
2020-02-29,6.24,6.21,6.27,6.24,6.26,6.31,6.19
2020-03-01,6.24,6.21,6.27,6.24,6.26,6.31,6.19
2020-03-02,6.24,6.2,6.27,6.23,6.27,6.29,6.18
2020-03-03,6.23,6.19,6.27,6.22,6.26,6.28,6.19
2020-03-04,6.23,6.19,6.28,6.22,6.28,6.3,6.22
2020-03-05,6.22,6.18,6.26,6.2,6.26,6.29,6.22
2020-03-06,6.23,6.22,6.26,6.23,6.26,6.28,6.24
2020-03-07,6.23,6.22,6.26,6.23,6.26,6.28,6.24
2020-03-08,6.23,6.22,6.26,6.23,6.26,6.28,6.24
2020-03-09,6.23,6.22,6.26,6.23,6.26,6.28,6.24
2020-03-10,6.35,6.36,6.34,6.35,6.33,6.33,6.33
2020-03-11,6.29,6.21,6.3,6.24,6.29,6.33,6.06
2020-03-12,6.33,6.18,6.37,6.23,6.38,6.38,6.0
2020-03-13,6.4,6.23,6.51,6.31,6.53,6.53,5.78
2020-03-14,6.4,6.23,6.51,6.31,6.53,6.53,5.78
2020-03-15,6.4,6.23,6.51,6.31,6.53,6.53,5.78
2020-03-16,6.46,6.18,6.58,6.31,6.6,6.6,5.79
2020-03-17,6.52,6.23,6.65,6.38,6.68,6.68,5.75
2020-03-18,6.53,6.19,6.65,6.36,6.68,6.67,5.8
2020-03-19,6.54,6.21,6.65,6.35,6.68,6.68,5.96
2020-03-20,6.53,6.22,6.66,6.35,6.68,6.72,6.0
2020-03-21,6.53,6.22,6.66,6.35,6.68,6.72,6.0
2020-03-22,6.53,6.22,6.66,6.35,6.68,6.72,6.0
2020-03-23,6.5,6.14,6.63,6.31,6.67,6.67,5.99
2020-03-24,6.52,6.15,6.67,6.33,6.72,6.72,5.98
2020-03-25,6.53,6.18,6.68,6.38,6.73,6.74,6.03
2020-03-26,6.52,6.26,6.64,6.4,6.7,6.77,6.14
2020-03-27,6.52,6.34,6.63,6.44,6.68,6.77,6.25
2020-03-28,6.52,6.34,6.63,6.44,6.68,6.77,6.25
2020-03-29,6.52,6.34,6.63,6.44,6.68,6.77,6.25
2020-03-30,6.52,6.34,6.63,6.44,6.68,6.77,6.25
2020-03-31,6.52,6.34,6.63,6.44,6.68,6.77,6.25
2020-04-01,6.52,6.34,6.63,6.44,6.68,6.77,6.25
2020-04-02,6.52,6.34,6.63,6.44,6.68,6.77,6.25
2020-04-03,6.52,6.34,6.63,6.44,6.68,6.77,6.25
2020-04-04,6.52,6.34,6.63,6.44,6.68,6.77,6.25
2020-04-05,6.52,6.34,6.63,6.44,6.68,6.77,6.25
2020-04-06,6.45,6.23,6.53,6.31,6.6,6.73,6.14
2020-04-07,6.4,6.18,6.47,6.26,6.53,6.67,6.14
2020-04-08,6.39,6.18,6.47,6.26,6.53,6.67,6.12
2020-04-09,6.35,6.18,6.44,6.25,6.52,6.64,6.06
2020-04-10,6.38,6.25,6.46,6.29,6.53,6.62,6.22
2020-04-11,6.38,6.25,6.46,6.29,6.53,6.62,6.22
2020-04-12,6.38,6.25,6.46,6.29,6.53,6.62,6.22
2020-04-13,6.37,6.23,6.46,6.29,6.53,6.63,6.12
2020-04-14,6.37,6.21,6.45,6.28,6.53,6.64,6.11
2020-04-15,6.37,6.22,6.45,6.28,6.53,6.64,6.13
2020-04-16,6.39,6.26,6.48,6.31,6.56,6.71,6.23
2020-04-17,6.41,6.31,6.49,6.33,6.57,6.73,6.29
2020-04-18,6.41,6.31,6.49,6.33,6.57,6.73,6.29
2020-04-19,6.41,6.31,6.49,6.33,6.57,6.73,6.29
2020-04-20,6.42,6.33,6.46,6.34,6.52,6.63,6.32
2020-04-21,6.42,6.37,6.44,6.36,6.53,6.63,6.35
2020-04-22,6.41,6.36,6.43,6.36,6.51,6.6,6.35
2020-04-23,6.44,6.33,6.47,6.38,6.52,6.57,6.35
2020-04-24,6.39,6.28,6.43,6.32,6.49,6.56,6.27
2020-04-25,6.39,6.28,6.43,6.32,6.49,6.56,6.27
2020-04-26,6.39,6.28,6.43,6.32,6.49,6.56,6.27
2020-04-27,6.06,5.89,6.11,5.98,6.14,6.16,5.77
2020-04-28,6.0,5.86,6.04,5.89,6.09,6.12,5.77
2020-04-29,6.0,5.88,6.03,5.91,6.06,6.13,5.8
2020-04-30,6.01,5.94,6.03,5.95,6.07,6.14,5.94
2020-05-01,6.01,5.94,6.03,5.95,6.07,6.14,5.94
2020-05-02,6.01,5.94,6.03,5.95,6.07,6.14,5.94
2020-05-03,6.01,5.94,6.03,5.95,6.07,6.14,5.94
2020-05-04,6.01,5.94,6.03,5.95,6.07,6.14,5.94
2020-05-05,6.01,5.94,6.03,5.95,6.07,6.14,5.94
2020-05-06,6.03,5.92,6.03,5.94,6.06,6.13,5.81
2020-05-07,6.01,5.82,6.03,5.87,6.05,6.13,5.67
2020-05-08,5.98,5.76,6.04,5.81,6.05,6.13,5.4
2020-05-09,5.98,5.76,6.04,5.81,6.05,6.13,5.4
2020-05-10,5.98,5.76,6.04,5.81,6.05,6.13,5.4
2020-05-11,5.98,5.76,6.04,5.81,6.05,6.13,5.4
2020-05-12,5.99,5.75,6.05,5.82,6.06,6.12,5.61
2020-05-13,6.0,5.77,6.04,5.83,6.07,6.1,5.68
2020-05-14,6.0,5.75,6.04,5.83,6.07,6.1,5.66
2020-05-15,6.0,5.73,6.03,5.83,6.06,6.09,5.62
2020-05-16,6.0,5.73,6.03,5.83,6.06,6.09,5.62
2020-05-17,6.0,5.73,6.03,5.83,6.06,6.09,5.62
2020-05-18,6.0,5.72,6.03,5.82,6.06,6.08,5.6
2020-05-19,6.0,5.73,6.03,5.82,6.07,6.08,5.62
2020-05-20,5.97,5.72,5.97,5.79,5.99,6.0,5.62
2020-05-21,5.85,5.72,5.84,5.75,5.82,5.85,5.6
2020-05-22,5.79,5.72,5.78,5.73,5.75,5.76,5.62
2020-05-23,5.79,5.72,5.78,5.73,5.75,5.76,5.62
2020-05-24,5.79,5.72,5.78,5.73,5.75,5.76,5.62
2020-05-25,5.76,5.73,5.76,5.73,5.73,5.73,5.65
2020-05-26,5.77,5.73,5.76,5.74,5.72,5.7,5.66
2020-05-27,5.76,5.73,5.73,5.75,5.72,5.69,5.66
2020-05-28,5.74,5.74,5.72,5.75,5.7,5.68,5.69
2020-05-29,5.74,5.74,5.72,5.75,5.68,5.66,5.69
2020-05-30,5.74,5.74,5.72,5.75,5.68,5.66,5.69
2020-05-31,5.74,5.74,5.72,5.75,5.68,5.66,5.69
2020-06-01,5.72,5.73,5.71,5.75,5.68,5.66,5.67
2020-06-02,5.68,5.71,5.68,5.73,5.65,5.64,5.64
2020-06-03,5.68,5.69,5.67,5.73,5.64,5.63,5.58
2020-06-04,5.66,5.68,5.63,5.72,5.62,5.61,5.59
2020-06-05,5.66,5.68,5.63,5.71,5.62,5.61,5.58
2020-06-06,5.66,5.68,5.63,5.71,5.62,5.61,5.58
2020-06-07,5.66,5.68,5.63,5.71,5.62,5.61,5.58
2020-06-08,5.6,5.6,5.57,5.66,5.53,5.54,5.5
2020-06-09,5.53,5.58,5.53,5.61,5.49,5.53,5.5
2020-06-10,5.52,5.53,5.52,5.54,5.48,5.5,5.46
2020-06-11,5.49,5.5,5.48,5.5,5.46,5.48,5.41
2020-06-12,5.49,5.5,5.48,5.5,5.46,5.48,5.41
2020-06-13,5.49,5.5,5.48,5.5,5.46,5.48,5.41
2020-06-14,5.49,5.5,5.48,5.5,5.46,5.48,5.41
2020-06-15,5.47,5.48,5.44,5.48,5.43,5.46,5.34
2020-06-16,5.38,5.4,5.37,5.41,5.36,5.38,5.29
2020-06-17,5.23,5.18,5.24,5.18,5.26,5.28,5.19
2020-06-18,5.19,5.11,5.18,5.16,5.21,5.23,5.13
2020-06-19,5.12,5.05,5.12,5.05,5.13,5.14,5.06
2020-06-20,5.12,5.05,5.12,5.05,5.13,5.14,5.06
2020-06-21,5.12,5.05,5.12,5.05,5.13,5.14,5.06
2020-06-22,4.94,4.83,4.98,4.88,5.0,5.02,4.74
2020-06-23,4.87,4.75,4.9,4.81,4.94,4.97,4.68
2020-06-24,4.87,4.75,4.9,4.81,4.94,4.97,4.68
2020-06-25,4.83,4.76,4.85,4.78,4.88,4.91,4.66
2020-06-26,4.83,4.76,4.84,4.78,4.86,4.88,4.69
2020-06-27,4.83,4.76,4.84,4.78,4.86,4.88,4.69
2020-06-28,4.83,4.76,4.84,4.78,4.86,4.88,4.69
2020-06-29,4.82,4.73,4.85,4.78,4.87,4.88,4.66
2020-06-30,4.81,4.72,4.85,4.77,4.86,4.88,4.64
2020-07-01,4.81,4.72,4.85,4.77,4.86,4.88,4.64
2020-07-02,4.8,4.7,4.85,4.75,4.86,4.87,4.63
2020-07-03,4.76,4.59,4.84,4.68,4.86,4.87,4.26
2020-07-04,4.76,4.59,4.84,4.68,4.86,4.87,4.26
2020-07-05,4.76,4.59,4.84,4.68,4.86,4.87,4.26
2020-07-06,4.77,4.53,4.81,4.62,4.83,4.83,4.36
2020-07-07,4.75,4.51,4.8,4.58,4.83,4.83,4.38
2020-07-08,4.77,4.55,4.79,4.59,4.82,4.83,4.43
2020-07-09,4.76,4.53,4.77,4.59,4.8,4.8,4.43
2020-07-10,4.75,4.54,4.78,4.59,4.82,4.83,4.48
2020-07-11,4.75,4.54,4.78,4.59,4.82,4.83,4.48
2020-07-12,4.75,4.54,4.78,4.59,4.82,4.83,4.48
2020-07-13,4.75,4.55,4.78,4.63,4.81,4.83,4.48
2020-07-14,4.75,4.57,4.78,4.65,4.82,4.84,4.51
2020-07-15,4.73,4.54,4.78,4.62,4.81,4.83,4.48
2020-07-16,4.71,4.53,4.77,4.6,4.8,4.82,4.42
2020-07-17,4.66,4.52,4.7,4.58,4.76,4.78,4.4
2020-07-18,4.66,4.52,4.7,4.58,4.76,4.78,4.4
2020-07-19,4.66,4.52,4.7,4.58,4.76,4.78,4.4
2020-07-20,4.63,4.51,4.67,4.56,4.73,4.77,4.39
2020-07-21,4.59,4.52,4.65,4.55,4.69,4.71,4.42
2020-07-22,4.57,4.47,4.62,4.53,4.66,4.65,4.4
2020-07-23,4.57,4.43,4.63,4.49,4.7,4.71,4.35
2020-07-24,4.46,4.33,4.53,4.37,4.6,4.63,4.27
2020-07-25,4.46,4.33,4.53,4.37,4.6,4.63,4.27
2020-07-26,4.46,4.33,4.53,4.37,4.6,4.63,4.27
2020-07-27,4.42,4.28,4.5,4.31,4.56,4.59,4.21
2020-07-28,4.42,4.29,4.5,4.3,4.58,4.58,4.23
2020-07-29,4.43,4.33,4.51,4.33,4.58,4.58,4.28
2020-07-30,4.44,4.39,4.51,4.41,4.59,4.59,4.43
2020-07-31,4.48,4.44,4.52,4.44,4.59,4.59,4.47
2020-08-01,4.48,4.44,4.52,4.44,4.59,4.59,4.47
2020-08-02,4.48,4.44,4.52,4.44,4.59,4.59,4.47
2020-08-03,4.48,4.4,4.5,4.41,4.58,4.57,4.32
2020-08-04,4.47,4.38,4.49,4.4,4.59,4.63,4.28
2020-08-05,4.46,4.35,4.5,4.38,4.59,4.63,4.3
2020-08-06,4.45,4.36,4.53,4.38,4.61,4.63,4.28
2020-08-07,4.44,4.38,4.52,4.4,4.61,4.62,4.32
2020-08-08,4.44,4.38,4.52,4.4,4.61,4.62,4.32
2020-08-09,4.44,4.38,4.52,4.4,4.61,4.62,4.32
2020-08-10,4.44,4.39,4.51,4.4,4.6,4.61,4.33
2020-08-11,4.43,4.38,4.51,4.39,4.59,4.6,4.3
2020-08-12,4.45,4.37,4.51,4.4,4.59,4.62,4.29
2020-08-13,4.47,4.37,4.52,4.4,4.6,4.62,4.28
2020-08-14,4.46,4.38,4.51,4.4,4.6,4.61,4.3
2020-08-15,4.46,4.38,4.51,4.4,4.6,4.61,4.3
2020-08-16,4.46,4.38,4.51,4.4,4.6,4.61,4.3
2020-08-17,4.46,4.39,4.51,4.41,4.6,4.61,4.33
2020-08-18,4.49,4.39,4.53,4.42,4.62,4.63,4.34
2020-08-19,4.5,4.41,4.54,4.43,4.62,4.63,4.36
2020-08-20,4.5,4.42,4.54,4.43,4.63,4.65,4.37
2020-08-21,4.5,4.41,4.54,4.43,4.63,4.65,4.37
2020-08-22,4.5,4.41,4.54,4.43,4.63,4.65,4.37
2020-08-23,4.5,4.41,4.54,4.43,4.63,4.65,4.37
2020-08-24,4.5,4.41,4.54,4.43,4.63,4.65,4.37
2020-08-25,4.5,4.43,4.54,4.44,4.63,4.65,4.39
2020-08-26,4.5,4.43,4.55,4.44,4.63,4.65,4.4
2020-08-27,4.5,4.43,4.56,4.45,4.64,4.67,4.4
2020-08-28,4.52,4.43,4.56,4.45,4.65,4.69,4.38
2020-08-29,4.52,4.43,4.56,4.45,4.65,4.69,4.38
2020-08-30,4.52,4.43,4.56,4.45,4.65,4.69,4.38
2020-08-31,4.54,4.43,4.55,4.45,4.64,4.66,4.36
2020-09-01,4.54,4.43,4.55,4.45,4.64,4.66,4.33
2020-09-02,4.53,4.4,4.57,4.44,4.66,4.67,4.29
2020-09-03,4.52,4.43,4.57,4.45,4.65,4.66,4.3
2020-09-04,4.52,4.43,4.57,4.45,4.65,4.66,4.31
2020-09-05,4.52,4.43,4.57,4.45,4.65,4.66,4.31
2020-09-06,4.52,4.43,4.57,4.45,4.65,4.66,4.31
2020-09-07,4.52,4.41,4.57,4.45,4.65,4.66,4.34
2020-09-08,4.6,4.41,4.64,4.47,4.72,4.75,4.28
2020-09-09,4.55,4.43,4.59,4.44,4.68,4.7,4.38
2020-09-10,4.52,4.45,4.57,4.45,4.66,4.68,4.36
2020-09-11,4.5,4.45,4.56,4.46,4.65,4.67,4.36
2020-09-12,4.5,4.45,4.56,4.46,4.65,4.67,4.36
2020-09-13,4.5,4.45,4.56,4.46,4.65,4.67,4.36
2020-09-14,4.49,4.44,4.55,4.44,4.63,4.66,4.36
2020-09-15,4.5,4.45,4.55,4.45,4.63,4.66,4.37
2020-09-16,4.5,4.46,4.55,4.46,4.63,4.66,4.41
2020-09-17,4.5,4.46,4.55,4.46,4.63,4.66,4.42
2020-09-18,4.5,4.45,4.55,4.46,4.63,4.66,4.4
2020-09-19,4.5,4.45,4.55,4.46,4.63,4.66,4.4
2020-09-20,4.5,4.45,4.55,4.46,4.63,4.66,4.4
2020-09-21,4.49,4.44,4.52,4.44,4.58,4.6,4.41
2020-09-22,4.5,4.47,4.54,4.47,4.62,4.63,4.43
2020-09-23,4.5,4.47,4.55,4.48,4.63,4.66,4.43
2020-09-24,4.5,4.47,4.55,4.49,4.63,4.66,4.39
2020-09-25,4.5,4.48,4.55,4.48,4.63,4.67,4.41
2020-09-26,4.5,4.48,4.55,4.48,4.63,4.67,4.41
2020-09-27,4.5,4.48,4.55,4.48,4.63,4.67,4.41
2020-09-28,4.5,4.49,4.55,4.48,4.63,4.67,4.48
2020-09-29,4.5,4.49,4.55,4.48,4.63,4.67,4.49
2020-09-30,4.5,4.49,4.55,4.49,4.64,4.65,4.48
2020-10-01,4.5,4.44,4.54,4.48,4.63,4.65,4.38
2020-10-02,4.5,4.4,4.54,4.47,4.63,4.65,4.1
2020-10-03,4.5,4.4,4.54,4.47,4.63,4.65,4.1
2020-10-04,4.5,4.4,4.54,4.47,4.63,4.65,4.1
2020-10-05,4.5,4.42,4.54,4.47,4.63,4.65,4.35
2020-10-06,4.5,4.43,4.54,4.48,4.63,4.65,4.31
2020-10-07,4.52,4.45,4.55,4.48,4.64,4.67,4.39
2020-10-08,4.53,4.48,4.56,4.49,4.64,4.68,4.44
2020-10-09,4.53,4.48,4.57,4.49,4.64,4.68,4.45
2020-10-10,4.53,4.48,4.57,4.49,4.64,4.68,4.45
2020-10-11,4.53,4.48,4.57,4.49,4.64,4.68,4.45
2020-10-12,4.54,4.49,4.57,4.49,4.64,4.67,4.44
2020-10-13,4.54,4.49,4.56,4.5,4.64,4.68,4.45
2020-10-14,4.55,4.49,4.56,4.51,4.65,4.7,4.44
2020-10-15,4.54,4.48,4.56,4.51,4.65,4.69,4.47
2020-10-16,4.54,4.51,4.56,4.52,4.65,4.68,4.48
2020-10-17,4.54,4.51,4.56,4.52,4.65,4.68,4.48
2020-10-18,4.54,4.51,4.56,4.52,4.65,4.68,4.48
2020-10-19,4.54,4.51,4.56,4.52,4.65,4.68,4.49
2020-10-20,4.54,4.51,4.56,4.52,4.65,4.68,4.49
2020-10-21,4.54,4.52,4.56,4.52,4.65,4.68,4.5
2020-10-22,4.56,4.53,4.58,4.53,4.65,4.67,4.51
2020-10-23,4.56,4.52,4.59,4.54,4.65,4.66,4.49
2020-10-24,4.56,4.52,4.59,4.54,4.65,4.66,4.49
2020-10-25,4.56,4.52,4.59,4.54,4.65,4.66,4.49
2020-10-26,4.56,4.53,4.59,4.54,4.65,4.67,4.51
2020-10-27,4.56,4.53,4.6,4.53,4.67,4.68,4.5
2020-10-28,4.56,4.53,4.59,4.54,4.65,4.68,4.5
2020-10-29,4.56,4.53,4.59,4.53,4.65,4.67,4.49
2020-10-30,4.56,4.53,4.59,4.53,4.65,4.67,4.49
2020-10-31,4.56,4.53,4.59,4.53,4.65,4.67,4.49
2020-11-01,4.56,4.53,4.59,4.53,4.65,4.67,4.49
2020-11-02,4.56,4.53,4.61,4.53,4.7,4.71,4.5
2020-11-03,4.54,4.53,4.61,4.53,4.71,4.72,4.49
2020-11-04,4.54,4.53,4.61,4.53,4.71,4.72,4.49
2020-11-05,4.54,4.53,4.6,4.53,4.69,4.72,4.48
2020-11-06,4.54,4.51,4.6,4.53,4.69,4.73,4.46
2020-11-07,4.54,4.51,4.6,4.53,4.69,4.73,4.46
2020-11-08,4.54,4.51,4.6,4.53,4.69,4.73,4.46
2020-11-09,4.57,4.43,4.63,4.53,4.71,4.76,4.2
2020-11-10,4.55,4.43,4.62,4.52,4.7,4.75,4.21
2020-11-11,4.54,4.47,4.62,4.5,4.69,4.74,4.38
2020-11-12,4.54,4.48,4.62,4.5,4.67,4.74,4.4
2020-11-13,4.54,4.49,4.61,4.51,4.68,4.76,4.45
2020-11-14,4.54,4.49,4.61,4.51,4.68,4.76,4.45
2020-11-15,4.54,4.49,4.61,4.51,4.68,4.76,4.45
2020-11-16,4.54,4.48,4.62,4.51,4.7,4.76,4.44
2020-11-17,4.58,4.49,4.63,4.51,4.73,4.77,4.45
2020-11-18,4.57,4.48,4.65,4.5,4.74,4.78,4.43
2020-11-19,4.57,4.49,4.65,4.53,4.74,4.78,4.43
2020-11-20,4.56,4.48,4.64,4.53,4.73,4.78,4.39
2020-11-21,4.56,4.48,4.64,4.53,4.73,4.78,4.39
2020-11-22,4.56,4.48,4.64,4.53,4.73,4.78,4.39
2020-11-23,4.56,4.48,4.63,4.53,4.7,4.75,4.43
2020-11-24,4.56,4.48,4.63,4.53,4.73,4.78,4.42
2020-11-25,4.58,4.48,4.69,4.53,4.82,4.83,4.42
2020-11-26,4.6,4.48,4.74,4.53,4.9,4.88,4.41
2020-11-27,4.63,4.48,4.77,4.54,4.93,4.88,4.43
2020-11-28,4.63,4.48,4.77,4.54,4.93,4.88,4.43
2020-11-29,4.63,4.48,4.77,4.54,4.93,4.88,4.43
2020-11-30,4.68,4.49,4.81,4.53,4.95,4.89,4.43
2020-12-01,4.7,4.5,4.82,4.52,4.95,4.89,4.43
2020-12-02,4.73,4.5,4.82,4.52,4.96,4.88,4.42
2020-12-03,4.73,4.48,4.81,4.51,4.96,4.88,4.38
2020-12-04,4.74,4.46,4.8,4.51,4.97,4.89,4.35
2020-12-05,4.74,4.46,4.8,4.51,4.97,4.89,4.35
2020-12-06,4.74,4.46,4.8,4.51,4.97,4.89,4.35
2020-12-07,4.74,4.44,4.8,4.5,4.97,4.9,4.14
2020-12-08,4.74,4.43,4.8,4.5,4.97,4.9,4.24
2020-12-09,4.74,4.43,4.8,4.5,4.97,4.9,4.37
2020-12-10,4.73,4.45,4.78,4.5,4.92,4.9,4.41
2020-12-11,4.72,4.44,4.78,4.51,4.93,4.93,4.43
2020-12-12,4.72,4.44,4.78,4.51,4.93,4.93,4.43
2020-12-13,4.72,4.44,4.78,4.51,4.93,4.93,4.43
2020-12-14,4.69,4.44,4.76,4.52,4.89,4.89,4.43
2020-12-15,4.68,4.44,4.75,4.52,4.88,4.87,4.43
2020-12-16,4.68,4.5,4.76,4.57,4.9,4.88,4.5
2020-12-17,4.68,4.51,4.76,4.59,4.91,4.87,4.52
2020-12-18,4.7,4.51,4.78,4.58,4.93,4.87,4.52
2020-12-19,4.7,4.51,4.78,4.58,4.93,4.87,4.52
2020-12-20,4.7,4.51,4.78,4.58,4.93,4.87,4.52
2020-12-21,4.72,4.53,4.78,4.6,4.92,4.9,4.5
2020-12-22,4.73,4.56,4.78,4.63,4.94,4.92,4.51
2020-12-23,4.74,4.53,4.78,4.61,4.93,4.91,4.5
2020-12-24,4.73,4.54,4.78,4.6,4.92,4.89,4.49
2020-12-25,4.72,4.53,4.78,4.58,4.93,4.91,4.48
2020-12-26,4.72,4.53,4.78,4.58,4.93,4.91,4.48
2020-12-27,4.72,4.53,4.78,4.58,4.93,4.91,4.48
2020-12-28,4.71,4.53,4.77,4.56,4.89,4.89,4.49
2020-12-29,4.7,4.52,4.78,4.54,4.88,4.88,4.5
2020-12-30,4.72,4.57,4.78,4.61,4.9,4.9,4.55
2020-12-31,4.74,4.7,4.82,4.72,4.92,4.91,4.7
2021-01-01,4.74,4.7,4.82,4.72,4.92,4.91,4.7
2021-01-02,4.74,4.7,4.82,4.72,4.92,4.91,4.7
2021-01-03,4.74,4.7,4.82,4.72,4.92,4.91,4.7
2021-01-04,4.74,4.7,4.82,4.72,4.92,4.91,4.7
2021-01-05,4.74,4.7,4.82,4.72,4.92,4.91,4.7
2021-01-06,4.74,4.7,4.82,4.72,4.92,4.91,4.7
2021-01-07,4.74,4.7,4.82,4.72,4.92,4.91,4.7
2021-01-08,4.74,4.7,4.82,4.72,4.92,4.91,4.7
2021-01-09,4.74,4.7,4.82,4.72,4.92,4.91,4.7
2021-01-10,4.74,4.7,4.82,4.72,4.92,4.91,4.7
2021-01-11,4.73,4.64,4.78,4.67,4.9,4.89,4.59
2021-01-12,4.7,4.58,4.78,4.63,4.89,4.88,4.52
2021-01-13,4.68,4.56,4.77,4.61,4.88,4.88,4.5
2021-01-14,4.68,4.55,4.77,4.61,4.88,4.88,4.52
2021-01-15,4.69,4.55,4.78,4.61,4.89,4.88,4.53
2021-01-16,4.69,4.55,4.78,4.61,4.89,4.88,4.53
2021-01-17,4.69,4.55,4.78,4.61,4.89,4.88,4.53
2021-01-18,4.69,4.56,4.78,4.6,4.9,4.88,4.53
2021-01-19,4.69,4.58,4.78,4.61,4.9,4.88,4.56
2021-01-20,4.68,4.59,4.78,4.61,4.89,4.88,4.57
2021-01-21,4.68,4.6,4.78,4.61,4.89,4.88,4.56
2021-01-22,4.68,4.59,4.78,4.6,4.89,4.88,4.54
2021-01-23,4.68,4.59,4.78,4.6,4.89,4.88,4.54
2021-01-24,4.68,4.59,4.78,4.6,4.89,4.88,4.54
2021-01-25,4.68,4.58,4.77,4.6,4.88,4.91,4.56
2021-01-26,4.71,4.61,4.77,4.63,4.88,4.92,4.57
2021-01-27,4.7,4.61,4.77,4.63,4.88,4.91,4.53
2021-01-28,4.71,4.6,4.78,4.63,4.88,4.91,4.52
2021-01-29,4.74,4.66,4.78,4.68,4.89,4.91,4.65
2021-01-30,4.74,4.66,4.78,4.68,4.89,4.91,4.65
2021-01-31,4.74,4.66,4.78,4.68,4.89,4.91,4.65
2021-02-01,4.76,4.64,4.79,4.68,4.88,4.9,4.58
2021-02-02,4.73,4.57,4.81,4.63,4.89,4.91,4.45
2021-02-03,4.73,4.53,4.8,4.62,4.89,4.93,4.37
2021-02-04,4.73,4.48,4.79,4.61,4.9,4.93,4.32
2021-02-05,4.71,4.44,4.79,4.58,4.89,4.93,4.23
2021-02-06,4.71,4.44,4.79,4.58,4.89,4.93,4.23
2021-02-07,4.71,4.44,4.79,4.58,4.89,4.93,4.23
2021-02-08,4.7,4.38,4.79,4.53,4.89,4.93,3.76
2021-02-09,4.71,4.39,4.79,4.54,4.89,4.93,4.04
2021-02-10,4.67,4.45,4.79,4.53,4.89,4.93,4.34
2021-02-11,4.65,4.39,4.78,4.45,4.86,4.93,4.26
2021-02-12,4.65,4.36,4.75,4.42,4.83,4.93,4.21
2021-02-13,4.65,4.36,4.75,4.42,4.83,4.93,4.21
2021-02-14,4.65,4.36,4.75,4.42,4.83,4.93,4.21
2021-02-15,4.65,4.37,4.75,4.43,4.83,4.93,4.18
2021-02-16,4.65,4.38,4.75,4.43,4.83,4.93,4.23
2021-02-17,4.65,4.38,4.74,4.43,4.81,4.9,4.23
2021-02-18,4.65,4.37,4.74,4.46,4.82,4.88,4.25
2021-02-19,4.65,4.36,4.74,4.46,4.81,4.88,4.24
2021-02-20,4.65,4.34,4.74,4.46,4.82,4.89,4.22
2021-02-21,4.65,4.34,4.74,4.46,4.82,4.89,4.22
2021-02-22,4.65,4.34,4.74,4.46,4.82,4.89,4.22
2021-02-23,4.65,4.34,4.74,4.46,4.82,4.89,4.22
2021-02-24,4.65,4.36,4.75,4.45,4.83,4.91,4.24
2021-02-25,4.65,4.37,4.75,4.46,4.83,4.93,4.27
2021-02-26,4.69,4.47,4.78,4.53,4.84,4.95,4.39
2021-02-27,4.69,4.47,4.78,4.53,4.84,4.95,4.39
2021-02-28,4.69,4.47,4.78,4.53,4.84,4.95,4.39
2021-03-01,4.68,4.5,4.77,4.53,4.84,4.93,4.31
2021-03-02,4.68,4.45,4.77,4.51,4.84,4.93,4.33
2021-03-03,4.68,4.43,4.77,4.48,4.84,4.93,4.33
2021-03-04,4.67,4.42,4.76,4.45,4.83,4.91,4.33
2021-03-05,4.67,4.39,4.77,4.44,4.83,4.93,4.23
2021-03-06,4.67,4.39,4.77,4.44,4.83,4.93,4.23
2021-03-07,4.67,4.39,4.77,4.44,4.83,4.93,4.23
2021-03-08,4.67,4.39,4.77,4.44,4.83,4.93,4.23
2021-03-09,4.68,4.41,4.75,4.48,4.83,4.91,4.28
2021-03-10,4.68,4.38,4.76,4.44,4.84,4.93,4.31
2021-03-11,4.67,4.38,4.75,4.44,4.84,4.93,4.31
2021-03-12,4.68,4.39,4.75,4.45,4.83,4.92,4.32
2021-03-13,4.68,4.39,4.75,4.45,4.83,4.92,4.32
2021-03-14,4.68,4.39,4.75,4.45,4.83,4.92,4.32
2021-03-15,4.68,4.39,4.75,4.44,4.83,4.93,4.32
2021-03-16,4.69,4.41,4.77,4.48,4.83,4.93,4.31
2021-03-17,4.7,4.4,4.8,4.5,4.89,5.0,4.3
2021-03-18,4.72,4.41,4.83,4.53,4.93,5.04,4.29
2021-03-19,4.73,4.41,4.84,4.53,4.93,5.03,4.28
2021-03-20,4.73,4.41,4.84,4.53,4.93,5.03,4.28
2021-03-21,4.73,4.41,4.84,4.53,4.93,5.03,4.28
2021-03-22,4.82,4.58,4.93,4.69,5.05,5.12,4.49
2021-03-23,4.86,4.67,4.98,4.74,5.11,5.19,4.56
2021-03-24,4.85,4.67,5.02,4.73,5.16,5.23,4.56
2021-03-25,4.87,4.7,5.05,4.75,5.18,5.29,4.64
2021-03-26,4.9,4.71,5.09,4.76,5.23,5.35,4.68
2021-03-27,4.9,4.71,5.09,4.76,5.23,5.35,4.68
2021-03-28,4.9,4.71,5.09,4.76,5.23,5.35,4.68
2021-03-29,4.9,4.69,5.1,4.76,5.28,5.38,4.65
2021-03-30,4.9,4.7,5.11,4.77,5.32,5.42,4.63
2021-03-31,4.91,4.68,5.12,4.74,5.33,5.43,4.63
2021-04-01,4.92,4.67,5.13,4.74,5.34,5.43,4.62
2021-04-02,4.92,4.66,5.13,4.74,5.34,5.43,4.56
2021-04-03,4.92,4.66,5.13,4.74,5.34,5.43,4.56
2021-04-04,4.92,4.66,5.13,4.74,5.34,5.43,4.56
2021-04-05,4.92,4.66,5.13,4.73,5.33,5.42,4.55
2021-04-06,4.88,4.64,5.11,4.71,5.33,5.42,4.5
2021-04-07,4.87,4.63,5.13,4.7,5.33,5.42,4.54
2021-04-08,4.87,4.64,5.13,4.7,5.33,5.41,4.56
2021-04-09,4.88,4.64,5.13,4.7,5.34,5.43,4.6
2021-04-10,4.88,4.64,5.13,4.7,5.34,5.43,4.6
2021-04-11,4.88,4.64,5.13,4.7,5.34,5.43,4.6
2021-04-12,4.91,4.68,5.14,4.73,5.32,5.41,4.64
2021-04-13,4.92,4.69,5.16,4.74,5.33,5.42,4.67
2021-04-14,4.93,4.68,5.13,4.73,5.32,5.42,4.66
2021-04-15,4.97,4.66,5.14,4.72,5.34,5.48,4.62
2021-04-16,4.98,4.63,5.13,4.72,5.34,5.47,4.6
2021-04-17,4.98,4.63,5.13,4.72,5.34,5.47,4.6
2021-04-18,4.98,4.63,5.13,4.72,5.34,5.47,4.6
2021-04-19,4.99,4.63,5.16,4.74,5.38,5.48,4.62
2021-04-20,5.01,4.67,5.14,4.78,5.35,5.43,4.58
2021-04-21,5.0,4.71,5.15,4.81,5.35,5.43,4.58
2021-04-22,5.0,4.73,5.16,4.83,5.38,5.46,4.57
2021-04-23,4.99,4.69,5.16,4.79,5.38,5.47,4.6
2021-04-24,4.99,4.69,5.16,4.79,5.38,5.47,4.6
2021-04-25,4.99,4.69,5.16,4.79,5.38,5.47,4.6
2021-04-26,5.28,5.01,5.44,5.08,5.65,5.78,4.98
2021-04-27,5.35,5.13,5.52,5.19,5.68,5.83,4.95
2021-04-28,5.35,5.15,5.52,5.23,5.71,5.85,5.03
2021-04-29,5.33,5.19,5.51,5.24,5.71,5.82,5.11
2021-04-30,5.31,5.18,5.5,5.23,5.7,5.81,5.08
2021-05-01,5.31,5.18,5.5,5.23,5.7,5.81,5.08
2021-05-02,5.31,5.18,5.5,5.23,5.7,5.81,5.08
2021-05-03,5.31,5.18,5.5,5.23,5.7,5.81,5.08
2021-05-04,5.28,5.17,5.49,5.22,5.71,5.81,4.93
2021-05-05,5.26,5.1,5.49,5.17,5.7,5.81,4.87
2021-05-06,5.24,4.93,5.5,5.1,5.69,5.8,4.61
2021-05-07,5.23,4.82,5.5,5.07,5.69,5.8,4.44
2021-05-08,5.23,4.82,5.5,5.07,5.69,5.8,4.44
2021-05-09,5.23,4.82,5.5,5.07,5.69,5.8,4.44
2021-05-10,5.23,4.82,5.5,5.07,5.69,5.8,4.44
2021-05-11,5.22,4.93,5.5,5.09,5.69,5.8,4.67
2021-05-12,5.23,5.0,5.5,5.09,5.69,5.8,4.86
2021-05-13,5.23,5.02,5.5,5.11,5.69,5.8,4.94
2021-05-14,5.25,5.11,5.5,5.18,5.69,5.8,5.09
2021-05-15,5.25,5.11,5.5,5.18,5.69,5.8,5.09
2021-05-16,5.25,5.11,5.5,5.18,5.69,5.8,5.09
2021-05-17,5.28,5.15,5.5,5.2,5.7,5.8,5.11
2021-05-18,5.27,5.18,5.5,5.2,5.7,5.81,5.13
2021-05-19,5.26,5.18,5.51,5.2,5.71,5.8,5.08
2021-05-20,5.27,5.14,5.51,5.22,5.72,5.82,5.06
2021-05-21,5.27,5.13,5.51,5.22,5.72,5.83,5.05
2021-05-22,5.27,5.13,5.51,5.22,5.72,5.83,5.05
2021-05-23,5.27,5.13,5.51,5.22,5.72,5.83,5.05
2021-05-24,5.28,5.12,5.51,5.23,5.73,5.83,4.98
2021-05-25,5.31,5.12,5.52,5.23,5.75,5.83,5.03
2021-05-26,5.31,5.12,5.52,5.23,5.75,5.83,5.08
2021-05-27,5.31,5.13,5.52,5.23,5.75,5.83,5.1
2021-05-28,5.33,5.15,5.53,5.23,5.75,5.83,5.12
2021-05-29,5.33,5.15,5.53,5.23,5.75,5.83,5.12
2021-05-30,5.33,5.15,5.53,5.23,5.75,5.83,5.12
2021-05-31,5.34,5.17,5.53,5.23,5.75,5.87,5.12
2021-06-01,5.38,5.18,5.56,5.24,5.78,5.98,5.07
2021-06-02,5.38,5.18,5.59,5.27,5.87,6.08,5.02
2021-06-03,5.39,5.16,5.61,5.27,5.88,6.08,4.99
2021-06-04,5.41,5.13,5.62,5.26,5.94,6.1,4.98
2021-06-05,5.41,5.13,5.62,5.26,5.94,6.1,4.98
2021-06-06,5.41,5.13,5.62,5.26,5.94,6.1,4.98
2021-06-07,5.42,5.1,5.63,5.24,5.97,6.13,4.9
2021-06-08,5.48,5.11,5.68,5.26,6.01,6.17,4.89
2021-06-09,5.58,5.2,5.85,5.32,6.07,6.24,5.15
2021-06-10,5.65,5.28,5.91,5.39,6.14,6.31,5.21
2021-06-11,5.72,5.45,5.96,5.54,6.18,6.39,5.36
2021-06-12,5.72,5.45,5.96,5.54,6.18,6.39,5.36
2021-06-13,5.72,5.45,5.96,5.54,6.18,6.39,5.36
2021-06-14,5.72,5.45,5.96,5.54,6.18,6.39,5.36
2021-06-15,5.78,5.63,6.02,5.68,6.21,6.45,5.56
2021-06-16,5.79,5.68,6.03,5.71,6.23,6.47,5.58
2021-06-17,5.8,5.69,6.07,5.74,6.29,6.52,5.63
2021-06-18,5.81,5.69,6.12,5.73,6.37,6.57,5.57
2021-06-19,5.81,5.69,6.12,5.73,6.37,6.57,5.57
2021-06-20,5.81,5.69,6.12,5.73,6.37,6.57,5.57
2021-06-21,5.81,5.69,6.13,5.74,6.38,6.56,5.6
2021-06-22,5.81,5.69,6.13,5.74,6.38,6.55,5.55
2021-06-23,5.78,5.67,6.13,5.73,6.38,6.55,5.48
2021-06-24,5.8,5.67,6.13,5.73,6.38,6.55,5.47
2021-06-25,5.77,5.68,6.13,5.72,6.38,6.55,5.54
2021-06-26,5.77,5.68,6.13,5.72,6.38,6.55,5.54
2021-06-27,5.77,5.68,6.13,5.72,6.38,6.55,5.54
2021-06-28,5.78,5.68,6.12,5.71,6.38,6.55,5.58
2021-06-29,5.78,5.7,6.12,5.73,6.41,6.55,5.58
2021-06-30,5.8,5.7,6.15,5.75,6.42,6.55,5.63
2021-07-01,5.83,5.63,6.17,5.73,6.48,6.59,5.43
2021-07-02,5.84,5.63,6.17,5.71,6.49,6.6,5.48
2021-07-03,5.84,5.63,6.17,5.71,6.49,6.6,5.48
2021-07-04,5.84,5.63,6.17,5.71,6.49,6.6,5.48
2021-07-05,5.84,5.63,6.14,5.73,6.44,6.56,5.51
2021-07-06,5.85,5.63,6.17,5.73,6.51,6.59,5.53
2021-07-07,5.88,5.69,6.2,5.76,6.54,6.61,5.59
2021-07-08,5.88,5.71,6.21,5.77,6.56,6.65,5.62
2021-07-09,5.99,5.75,6.31,5.82,6.65,6.73,5.7
2021-07-10,5.99,5.75,6.31,5.82,6.65,6.73,5.7
2021-07-11,5.99,5.75,6.31,5.82,6.65,6.73,5.7
2021-07-12,6.08,5.83,6.36,5.89,6.68,6.78,5.8
2021-07-13,6.15,5.93,6.39,5.96,6.73,6.83,5.85
2021-07-14,6.18,5.96,6.41,6.0,6.76,6.87,5.86
2021-07-15,6.17,5.98,6.4,6.01,6.74,6.84,5.89
2021-07-16,6.18,5.99,6.42,6.03,6.78,6.86,5.91
2021-07-17,6.18,5.99,6.42,6.03,6.78,6.86,5.91
2021-07-18,6.18,5.99,6.42,6.03,6.78,6.86,5.91
2021-07-19,6.21,6.04,6.45,6.14,6.76,6.83,5.94
2021-07-20,6.29,6.11,6.48,6.19,6.81,6.88,6.0
2021-07-21,6.32,6.16,6.51,6.23,6.82,6.9,6.06
2021-07-22,6.31,6.13,6.52,6.23,6.82,6.9,6.0
2021-07-23,6.33,6.13,6.54,6.24,6.82,6.9,5.97
2021-07-24,6.33,6.13,6.54,6.24,6.82,6.9,5.97
2021-07-25,6.33,6.13,6.54,6.24,6.82,6.9,5.97
2021-07-26,6.72,6.54,6.91,6.63,7.13,7.24,6.4
2021-07-27,6.75,6.58,6.93,6.64,7.16,7.3,6.43
2021-07-28,6.77,6.63,6.93,6.71,7.14,7.29,6.53
2021-07-29,6.93,7.15,7.03,6.91,7.19,7.31,7.19
2021-07-30,6.98,7.0,7.04,6.98,7.2,7.31,7.02
2021-07-31,6.98,7.0,7.04,6.98,7.2,7.31,7.02
2021-08-01,6.98,7.0,7.04,6.98,7.2,7.31,7.02
2021-08-02,6.93,6.78,7.03,6.88,7.2,7.31,6.59
2021-08-03,6.88,6.63,7.01,6.75,7.2,7.3,6.17
2021-08-04,6.88,6.59,7.01,6.73,7.2,7.3,6.11
2021-08-05,6.88,6.51,7.01,6.72,7.21,7.3,6.08
2021-08-06,6.88,6.58,7.01,6.72,7.21,7.3,6.32
2021-08-07,6.88,6.58,7.01,6.72,7.21,7.3,6.32
2021-08-08,6.88,6.58,7.01,6.72,7.21,7.3,6.32
2021-08-09,6.87,6.62,7.01,6.71,7.21,7.3,6.41
2021-08-10,6.86,6.64,7.01,6.73,7.21,7.3,6.48
2021-08-11,6.88,6.62,7.02,6.72,7.19,7.28,6.49
2021-08-12,6.87,6.62,7.01,6.68,7.2,7.29,6.48
2021-08-13,6.86,6.64,7.01,6.67,7.21,7.3,6.53
2021-08-14,6.86,6.64,7.01,6.67,7.21,7.3,6.53
2021-08-15,6.86,6.64,7.01,6.67,7.21,7.3,6.53
2021-08-16,6.86,6.63,7.01,6.68,7.21,7.3,6.54
2021-08-17,6.88,6.74,7.02,6.74,7.2,7.3,6.72
2021-08-18,6.87,6.76,7.03,6.77,7.23,7.32,6.7
2021-08-19,6.86,6.75,7.03,6.78,7.23,7.33,6.69
2021-08-20,6.86,6.73,7.03,6.79,7.23,7.33,6.67
2021-08-21,6.86,6.73,7.03,6.79,7.23,7.33,6.67
2021-08-22,6.86,6.73,7.03,6.79,7.23,7.33,6.67
2021-08-23,6.86,6.74,7.03,6.79,7.23,7.32,6.68
2021-08-24,6.86,6.74,7.03,6.79,7.23,7.32,6.68
2021-08-25,6.86,6.74,7.03,6.79,7.23,7.32,6.68
2021-08-26,6.88,6.74,7.03,6.79,7.23,7.32,6.68
2021-08-27,6.88,6.76,7.04,6.79,7.23,7.32,6.69
2021-08-28,6.88,6.76,7.04,6.79,7.23,7.32,6.69
2021-08-29,6.88,6.76,7.04,6.79,7.23,7.32,6.69
2021-08-30,6.88,6.76,7.04,6.82,7.23,7.32,6.7
2021-08-31,6.88,6.76,7.03,6.82,7.23,7.32,6.7
2021-09-01,6.88,6.73,7.03,6.82,7.23,7.32,6.57
2021-09-02,6.88,6.67,7.03,6.81,7.23,7.32,6.43
2021-09-03,6.87,6.65,7.03,6.79,7.26,7.33,6.49
2021-09-04,6.87,6.65,7.03,6.79,7.26,7.33,6.49
2021-09-05,6.87,6.65,7.03,6.79,7.26,7.33,6.49
2021-09-06,6.91,6.69,7.07,6.8,7.27,7.33,6.56
2021-09-07,6.92,6.74,7.08,6.81,7.28,7.35,6.63
2021-09-08,7.0,6.82,7.15,6.87,7.31,7.38,6.7
2021-09-09,7.04,6.86,7.18,6.91,7.35,7.42,6.79
2021-09-10,7.16,7.03,7.28,7.06,7.43,7.47,6.94
2021-09-11,7.16,7.03,7.28,7.06,7.43,7.47,6.94
2021-09-12,7.16,7.03,7.28,7.06,7.43,7.47,6.94
2021-09-13,7.22,7.13,7.32,7.18,7.47,7.53,7.0
2021-09-14,7.22,7.08,7.32,7.16,7.46,7.56,6.97
2021-09-15,7.2,7.05,7.3,7.13,7.46,7.56,6.98
2021-09-16,7.19,7.03,7.3,7.12,7.46,7.56,6.96
2021-09-17,7.21,7.03,7.32,7.12,7.45,7.57,6.96
2021-09-18,7.21,7.03,7.32,7.12,7.45,7.57,6.96
2021-09-19,7.21,7.03,7.32,7.12,7.45,7.57,6.96
2021-09-20,7.21,7.03,7.33,7.12,7.45,7.57,6.97
2021-09-21,7.24,7.02,7.34,7.12,7.45,7.56,6.96
2021-09-22,7.23,7.03,7.33,7.11,7.46,7.58,6.95
2021-09-23,7.23,7.05,7.32,7.12,7.47,7.59,6.95
2021-09-24,7.23,7.03,7.32,7.09,7.47,7.58,6.93
2021-09-25,7.23,7.03,7.32,7.09,7.47,7.58,6.93
2021-09-26,7.23,7.03,7.32,7.09,7.47,7.58,6.93
2021-09-27,7.23,7.05,7.32,7.12,7.47,7.58,6.97
2021-09-28,7.25,7.06,7.33,7.13,7.48,7.58,7.02
2021-09-29,7.27,7.06,7.37,7.15,7.51,7.58,7.02
2021-09-30,7.28,7.05,7.39,7.15,7.55,7.58,7.0
2021-10-01,7.28,7.03,7.43,7.14,7.57,7.6,6.94
2021-10-02,7.28,7.03,7.43,7.14,7.57,7.6,6.94
2021-10-03,7.28,7.03,7.43,7.14,7.57,7.6,6.94
2021-10-04,7.26,7.02,7.44,7.12,7.55,7.59,6.95
2021-10-05,7.24,7.0,7.44,7.1,7.56,7.6,6.85
2021-10-06,7.24,6.95,7.44,7.09,7.55,7.58,6.77
2021-10-07,7.29,6.93,7.52,7.09,7.63,7.68,6.76
2021-10-08,7.3,6.93,7.54,7.08,7.65,7.7,6.73
2021-10-09,7.3,6.93,7.54,7.08,7.65,7.7,6.73
2021-10-10,7.3,6.93,7.54,7.08,7.65,7.7,6.73
2021-10-11,7.31,6.96,7.54,7.12,7.67,7.71,6.8
2021-10-12,7.32,6.98,7.57,7.11,7.7,7.74,6.81
2021-10-13,7.33,6.98,7.58,7.13,7.73,7.77,6.88
2021-10-14,7.38,7.05,7.63,7.17,7.77,7.82,6.93
2021-10-15,7.39,7.13,7.64,7.21,7.78,7.83,7.06
2021-10-16,7.39,7.13,7.64,7.21,7.78,7.83,7.06
2021-10-17,7.39,7.13,7.64,7.21,7.78,7.83,7.06
2021-10-18,7.4,7.18,7.64,7.22,7.78,7.84,7.14
2021-10-19,7.4,7.17,7.64,7.21,7.8,7.86,7.12
2021-10-20,7.43,7.2,7.63,7.23,7.81,7.86,7.14
2021-10-21,7.46,7.25,7.63,7.28,7.83,7.88,7.17
2021-10-22,7.48,7.28,7.68,7.32,7.88,7.96,7.2
2021-10-23,7.48,7.28,7.68,7.32,7.88,7.96,7.2
2021-10-24,7.48,7.28,7.68,7.32,7.88,7.96,7.2
2021-10-25,7.93,7.71,8.09,7.73,8.33,8.54,7.62
2021-10-26,8.01,7.76,8.19,7.8,8.44,8.63,7.64
2021-10-27,8.01,7.73,8.19,7.79,8.46,8.63,7.58
2021-10-28,8.0,7.73,8.19,7.79,8.47,8.61,7.59
2021-10-29,8.01,7.73,8.19,7.79,8.47,8.61,7.6
2021-10-30,8.01,7.73,8.19,7.79,8.47,8.61,7.6
2021-10-31,8.01,7.73,8.19,7.79,8.47,8.61,7.6
2021-11-01,8.01,7.7,8.21,7.78,8.48,8.65,7.45
2021-11-02,8.01,7.68,8.22,7.76,8.48,8.68,7.23
2021-11-03,8.02,7.69,8.22,7.78,8.48,8.68,7.41
2021-11-04,8.02,7.69,8.22,7.78,8.48,8.68,7.41
2021-11-05,8.02,7.69,8.22,7.78,8.48,8.68,7.41
2021-11-06,8.02,7.69,8.22,7.78,8.48,8.68,7.41
2021-11-07,8.02,7.69,8.22,7.78,8.48,8.68,7.41
2021-11-08,8.01,7.72,8.21,7.79,8.46,8.63,7.57
2021-11-09,8.0,7.75,8.22,7.81,8.47,8.67,7.51
2021-11-10,8.0,7.73,8.23,7.79,8.49,8.68,7.57
2021-11-11,8.0,7.69,8.24,7.76,8.48,8.66,7.57
2021-11-12,7.99,7.68,8.23,7.76,8.48,8.64,7.56
2021-11-13,7.99,7.68,8.23,7.76,8.48,8.64,7.56
2021-11-14,7.99,7.68,8.23,7.76,8.48,8.64,7.56
2021-11-15,7.99,7.68,8.22,7.77,8.48,8.63,7.58
2021-11-16,8.0,7.69,8.23,7.77,8.49,8.68,7.63
2021-11-17,7.99,7.72,8.24,7.78,8.48,8.63,7.62
2021-11-18,8.0,7.76,8.26,7.8,8.52,8.67,7.65
2021-11-19,7.99,7.75,8.25,7.8,8.52,8.66,7.61
2021-11-20,7.99,7.75,8.25,7.8,8.52,8.66,7.61
2021-11-21,7.99,7.75,8.25,7.8,8.52,8.66,7.61
2021-11-22,7.99,7.78,8.24,7.83,8.51,8.65,7.62
2021-11-23,8.03,7.8,8.3,7.85,8.57,8.73,7.58
2021-11-24,8.03,7.79,8.32,7.85,8.58,8.75,7.6
2021-11-25,8.05,7.8,8.38,7.86,8.68,8.82,7.67
2021-11-26,8.08,7.8,8.48,7.86,8.77,8.89,7.65
2021-11-27,8.08,7.8,8.48,7.86,8.77,8.89,7.65
2021-11-28,8.08,7.8,8.48,7.86,8.77,8.89,7.65
2021-11-29,8.08,7.8,8.51,7.87,8.78,8.91,7.64
2021-11-30,8.15,7.78,8.56,7.88,8.93,9.05,7.65
2021-12-01,8.24,7.72,8.64,7.85,9.01,9.13,7.58
2021-12-02,8.34,7.66,8.73,7.8,9.04,9.18,7.33
2021-12-03,8.47,7.68,8.77,7.83,9.05,9.19,7.47
2021-12-04,8.47,7.68,8.77,7.83,9.05,9.19,7.47
2021-12-05,8.47,7.68,8.77,7.83,9.05,9.19,7.47
2021-12-06,8.53,7.71,8.81,7.88,9.09,9.22,7.59
2021-12-07,8.52,7.72,8.86,7.91,9.13,9.24,7.51
2021-12-08,8.53,7.83,8.88,7.98,9.14,9.27,7.68
2021-12-09,8.55,7.83,8.91,8.0,9.16,9.27,7.72
2021-12-10,8.63,7.82,8.94,7.98,9.16,9.27,7.69
2021-12-11,8.63,7.82,8.94,7.98,9.16,9.27,7.69
2021-12-12,8.63,7.82,8.94,7.98,9.16,9.27,7.69
2021-12-13,8.64,7.81,8.99,7.99,9.15,9.28,7.69
2021-12-14,8.73,7.82,9.02,7.99,9.14,9.25,7.65
2021-12-15,8.78,7.88,9.03,8.02,9.15,9.27,7.67
2021-12-16,8.81,7.89,9.03,8.03,9.16,9.28,7.68
2021-12-17,8.85,7.9,9.04,8.09,9.18,9.29,7.69
2021-12-18,8.85,7.9,9.04,8.09,9.18,9.29,7.69
2021-12-19,8.85,7.9,9.04,8.09,9.18,9.29,7.69
2021-12-20,9.0,8.59,9.18,8.69,9.34,9.48,8.39
2021-12-21,9.0,8.67,9.23,8.77,9.38,9.52,8.26
2021-12-22,9.01,8.68,9.28,8.77,9.44,9.56,8.33
2021-12-23,9.04,8.65,9.32,8.8,9.51,9.63,8.13
2021-12-24,9.04,8.69,9.33,8.83,9.52,9.65,8.39
2021-12-25,9.04,8.69,9.33,8.83,9.52,9.65,8.39
2021-12-26,9.04,8.69,9.33,8.83,9.52,9.65,8.39
2021-12-27,9.05,8.73,9.36,8.87,9.53,9.68,8.48
2021-12-28,9.04,8.72,9.35,8.81,9.5,9.66,8.48
2021-12-29,9.02,8.73,9.35,8.79,9.51,9.67,8.55
2021-12-30,9.01,8.43,9.33,8.63,9.5,9.66,8.55
2021-12-31,9.01,8.43,9.33,8.63,9.5,9.66,8.55
2022-01-01,9.01,8.43,9.33,8.63,9.5,9.66,8.55
2022-01-02,9.01,8.43,9.33,8.63,9.5,9.66,8.55
2022-01-03,9.01,8.43,9.33,8.63,9.5,9.66,8.55
2022-01-04,9.01,8.43,9.33,8.63,9.5,9.66,8.55
2022-01-05,9.01,8.43,9.33,8.63,9.5,9.66,8.55
2022-01-06,9.01,8.43,9.33,8.63,9.5,9.66,8.55
2022-01-07,9.01,8.43,9.33,8.63,9.5,9.66,8.55
2022-01-08,9.01,8.43,9.33,8.63,9.5,9.66,8.55
2022-01-09,9.01,8.43,9.33,8.63,9.5,9.66,8.55
2022-01-10,9.03,8.67,9.32,8.76,9.49,9.65,8.49
2022-01-11,9.02,8.68,9.33,8.79,9.49,9.66,8.5
2022-01-12,9.02,8.66,9.33,8.78,9.47,9.65,8.52
2022-01-13,9.01,8.63,9.32,8.75,9.47,9.62,8.48
2022-01-14,9.02,8.63,9.33,8.74,9.55,9.66,8.5
2022-01-15,9.02,8.63,9.33,8.74,9.55,9.66,8.5
2022-01-16,9.02,8.63,9.33,8.74,9.55,9.66,8.5
2022-01-17,9.03,8.65,9.35,8.78,9.52,9.66,8.5
2022-01-18,9.03,8.72,9.38,8.79,9.54,9.68,8.53
2022-01-19,9.02,8.69,9.42,8.78,9.64,9.77,8.48
2022-01-20,9.04,8.69,9.45,8.83,9.82,9.88,8.52
2022-01-21,9.08,8.73,9.52,8.84,9.93,10.03,8.53
2022-01-22,9.08,8.73,9.52,8.84,9.93,10.03,8.53
2022-01-23,9.08,8.73,9.52,8.84,9.93,10.03,8.53
2022-01-24,9.09,8.77,9.55,8.85,10.0,10.12,8.57
2022-01-25,9.11,8.78,9.58,8.86,10.04,10.17,8.57
2022-01-26,9.12,8.79,9.59,8.86,10.05,10.18,8.63
2022-01-27,9.13,8.8,9.63,8.87,10.08,10.2,8.65
2022-01-28,9.09,8.76,9.57,8.85,9.97,10.08,8.57
2022-01-29,9.09,8.76,9.57,8.85,9.97,10.08,8.57
2022-01-30,9.09,8.76,9.57,8.85,9.97,10.08,8.57
2022-01-31,9.08,8.77,9.53,8.84,9.91,10.05,8.58
2022-02-01,9.09,8.78,9.56,8.84,9.91,10.06,8.53
2022-02-02,9.12,8.75,9.67,8.83,10.08,10.21,8.45
2022-02-03,9.11,8.72,9.68,8.83,10.12,10.23,8.5
2022-02-04,9.13,8.7,9.75,8.87,10.15,10.24,8.48
2022-02-05,9.13,8.7,9.75,8.87,10.15,10.24,8.48
2022-02-06,9.13,8.7,9.75,8.87,10.15,10.24,8.48
2022-02-07,9.15,8.7,9.77,8.88,10.15,10.24,8.37
2022-02-08,9.24,8.78,9.82,8.91,10.18,10.28,8.52
2022-02-09,9.33,8.93,9.94,9.03,10.23,10.38,8.72
2022-02-10,9.38,8.94,9.98,9.07,10.25,10.4,8.75
2022-02-11,9.57,9.25,10.03,9.31,10.3,10.43,8.98
2022-02-12,9.57,9.25,10.03,9.31,10.3,10.43,8.98
2022-02-13,9.57,9.25,10.03,9.31,10.3,10.43,8.98
2022-02-14,9.9,9.65,10.16,9.7,10.43,10.64,9.46
2022-02-15,10.01,9.73,10.29,9.81,10.51,10.7,9.54
2022-02-16,9.98,9.72,10.26,9.8,10.51,10.69,9.57
2022-02-17,10.02,9.73,10.3,9.83,10.6,10.77,9.59
2022-02-18,10.0,9.76,10.31,9.85,10.64,10.81,9.65
2022-02-19,10.0,9.76,10.31,9.85,10.64,10.81,9.65
2022-02-20,10.0,9.76,10.31,9.85,10.64,10.81,9.65
2022-02-21,10.04,9.74,10.37,9.83,10.67,10.83,9.62
