date,balance
2017-01-15,0.0
2017-01-16,0.0579964261304756
2017-01-17,-0.5485185355650501
2017-01-18,-0.1248013156219104
2017-01-19,-0.0053907017000069
2017-01-20,-0.1139002310412954
2017-01-21,0.0
2017-01-22,0.0
2017-01-23,-0.1093460242038583
2017-01-24,0.0733759642924153
2017-01-25,-0.1137625723373658
2017-01-26,-0.1340636427134873
2017-01-27,-0.1984834782072388
2017-01-28,0.0
2017-01-29,0.0
2017-01-30,-0.1547027394449702
2017-01-31,-0.0269999441693706
2017-02-01,0.093308644283402
2017-02-02,0.083316045909259
2017-02-03,0.0067911989354189
2017-02-04,0.0
2017-02-05,0.0
2017-02-06,-0.0322822404079951
2017-02-07,-0.0412892913283506
2017-02-08,0.1969437646682741
2017-02-09,0.4346808287785116
2017-02-10,0.1835528843548906
2017-02-11,0.0
2017-02-12,0.0
2017-02-13,-0.190469887851103
2017-02-14,-0.0861777707491121
2017-02-15,0.0341705493173384
2017-02-16,0.270095094760295
2017-02-17,0.0840863905140737
2017-02-18,0.0
2017-02-19,0.0
2017-02-20,-0.0247585182815483
2017-02-21,0.131068930222637
2017-02-22,0.0227555213922928
2017-02-23,0.0
2017-02-24,0.0530935080535391
2017-02-25,0.0
2017-02-26,0.0
2017-02-27,-0.1188621553758113
2017-02-28,-0.2111279900151189
2017-03-01,-0.1976679565219119
2017-03-02,0.1627498100782146
2017-03-03,0.0687924317310292
2017-03-04,0.0
2017-03-05,0.0
2017-03-06,-0.0887385478525917
2017-03-07,0.0519414223338227
2017-03-08,0.0
2017-03-09,0.298185265101537
2017-03-10,0.1168507219637045
2017-03-11,0.0
2017-03-12,0.0
2017-03-13,-0.1636513416620551
2017-03-14,0.3583582714799113
2017-03-15,0.0090185704729716
2017-03-16,0.0417587133983254
2017-03-17,0.0598947918079867
2017-03-18,0.0
2017-03-19,0.0
2017-03-20,-0.1185276733778524
2017-03-21,0.0910738352202233
2017-03-22,0.0237532055966353
2017-03-23,0.0793352480158941
2017-03-24,-0.0172761241555907
2017-03-25,0.0
2017-03-26,0.0
2017-03-27,1.3430284451958885
2017-03-28,-1.2440184535440717
2017-03-29,0.331271449670815
2017-03-30,-0.0399102460993231
2017-03-31,-0.0328262620858149
2017-04-01,0.0
2017-04-02,0.0
2017-04-03,-0.0582285468981014
2017-04-04,-0.2099642473878437
2017-04-05,0.042070045496472
2017-04-06,0.254274203085536
2017-04-07,0.0347599482000757
2017-04-08,0.0
2017-04-09,0.0
2017-04-10,0.0892811747032025
2017-04-11,0.1246343971999298
2017-04-12,0.0006010285948917
2017-04-13,0.1571475306368808
2017-04-14,-0.0150376904298087
2017-04-15,0.0
2017-04-16,0.0
2017-04-17,-0.1484801434342325
2017-04-18,-0.0706633822083895
2017-04-19,0.1100437516819835
2017-04-20,0.1246687286673999
2017-04-21,-0.0871624919507331
2017-04-22,0.0
2017-04-23,0.0
2017-04-24,-0.13046875085057
2017-04-25,-0.1876845808952724
2017-04-26,-0.0508242130482853
2017-04-27,0.0168028508988814
2017-04-28,-0.4322620672817404
2017-04-29,0.0
2017-04-30,0.0
2017-05-01,0.0
2017-05-02,-0.1672854181310648
2017-05-03,-0.0756281322089193
2017-05-04,0.2787425475760685
2017-05-05,0.2102671725624325
2017-05-06,0.0
2017-05-07,0.0
2017-05-08,0.0
2017-05-09,0.0
2017-05-10,-0.1651930242782247
2017-05-11,-0.1316888036453217
2017-05-12,0.0874182389192593
2017-05-13,0.0
2017-05-14,0.0
2017-05-15,-0.0115329361277117
2017-05-16,0.1239298275975559
2017-05-17,-0.0773447796333244
2017-05-18,0.1312299149211086
2017-05-19,0.0102078220611238
2017-05-20,0.0
2017-05-21,0.0
2017-05-22,0.0340138977948096
2017-05-23,-0.89045353017925
2017-05-24,0.0106012683299061
2017-05-25,-0.0810444694278504
2017-05-26,0.6988689322342088
2017-05-27,0.0
2017-05-28,0.0
2017-05-29,-0.0536617421246747
2017-05-30,0.0287947131225478
2017-05-31,0.0225667309620654
2017-06-01,0.0355978723635514
2017-06-02,-0.145304460743953
2017-06-03,0.0
2017-06-04,0.0
2017-06-05,0.065672014068757
2017-06-06,0.2451412047482947
2017-06-07,-0.0995946824430041
2017-06-08,0.1856414003974324
2017-06-09,0.207323031570681
2017-06-10,0.0
2017-06-11,0.0
2017-06-12,0.0
2017-06-13,0.3267360924877782
2017-06-14,-0.0770207925731471
2017-06-15,0.335582730036596
2017-06-16,0.0719525831663584
2017-06-17,0.0
2017-06-18,0.0
2017-06-19,-0.1270841572020793
2017-06-20,0.102786002487481
2017-06-21,-0.1418374718263395
2017-06-22,-0.0526683602461216
2017-06-23,-0.0060594429270065
2017-06-24,0.0
2017-06-25,0.0
2017-06-26,-0.1732348627228186
2017-06-27,0.2573340768674954
2017-06-28,0.3612853045934865
2017-06-29,-0.1123890431236669
2017-06-30,-0.3220249775303776
2017-07-01,0.0
2017-07-02,0.0
2017-07-03,-0.2478050355581071
2017-07-04,0.3696979468453312
2017-07-05,0.1115999298016662
2017-07-06,0.0637333013940342
2017-07-07,0.1076449902093107
2017-07-08,0.0
2017-07-09,0.0
2017-07-10,0.3244725645520036
2017-07-11,0.2096336218565644
2017-07-12,0.0563261725045194
2017-07-13,0.3344827279606721
2017-07-14,-0.4246252560639123
2017-07-15,0.0
2017-07-16,0.0
2017-07-17,-0.0952909170060552
2017-07-18,-0.1094042039722662
2017-07-19,0.0799701355222422
2017-07-20,1.0543355899605564
2017-07-21,-0.037462128160119
2017-07-22,0.0
2017-07-23,0.0
2017-07-24,-0.8761677704467513
2017-07-25,0.0311473508244909
2017-07-26,-0.5618687674371708
2017-07-27,0.1951237766429597
2017-07-28,-0.2462296931598604
2017-07-29,0.0
2017-07-30,0.0
2017-07-31,-0.0341402027074338
2017-08-01,-0.1539268533204534
2017-08-02,0.2160990859962225
2017-08-03,0.3186588320366168
2017-08-04,0.1845790887426209
2017-08-05,0.0
2017-08-06,0.0
2017-08-07,0.1674088705961078
2017-08-08,0.0581871039896785
2017-08-09,-0.0981765552968926
2017-08-10,-0.085832359251501
2017-08-11,0.116758034382925
2017-08-12,0.0
2017-08-13,0.0
2017-08-14,-0.0345603700255318
2017-08-15,0.0095312486543229
2017-08-16,-0.179946675660284
2017-08-17,0.1818841090477451
2017-08-18,0.1155757045843089
2017-08-19,0.0
2017-08-20,0.0
2017-08-21,0.0786879023801842
2017-08-22,-0.0764810932217071
2017-08-23,0.0686333626256296
2017-08-24,-0.006607554462199
2017-08-25,-0.2305446616764388
2017-08-26,0.0
2017-08-27,0.0
2017-08-28,-0.0251628312673532
2017-08-29,-0.056786401281448
2017-08-30,-0.1002835410089534
2017-08-31,0.2351032517242118
2017-09-01,-0.2655316026191961
2017-09-02,0.0
2017-09-03,0.0
2017-09-04,-0.0474586944064677
2017-09-05,0.1059746598332289
2017-09-06,0.1571907254337419
2017-09-07,0.2446788000282798
2017-09-08,0.1196323098762662
2017-09-09,0.0
2017-09-10,0.0
2017-09-11,0.2819708596800331
2017-09-12,-0.211711240065958
2017-09-13,-0.0426776514076655
2017-09-14,0.1123206914026516
2017-09-15,0.1696754822305282
2017-09-16,0.0
2017-09-17,0.0
2017-09-18,-0.0324786147355153
2017-09-19,0.1665036633540839
2017-09-20,0.0920160480836889
2017-09-21,0.2978683535628851
2017-09-22,-0.3432410557010977
2017-09-23,0.0
2017-09-24,0.0
2017-09-25,-0.0092437142999933
2017-09-26,-0.0073400991258817
2017-09-27,-0.0002223484311571
2017-09-28,0.504844397249734
2017-09-29,0.1336820068551482
2017-09-30,0.0
2017-10-01,0.0
2017-10-02,-0.251222993324913
2017-10-03,-0.1231229627839138
2017-10-04,0.1672384748496445
2017-10-05,0.2375712667746679
2017-10-06,-0.1454015060833627
2017-10-07,0.0
2017-10-08,0.0
2017-10-09,-0.0280131779570517
2017-10-10,0.3135953828756495
2017-10-11,0.0260781412038511
2017-10-12,0.1869930878078576
2017-10-13,-0.0017434349141278
2017-10-14,0.0
2017-10-15,0.0
2017-10-16,0.2208299656449038
2017-10-17,-0.0967823788642213
2017-10-18,-0.058007830930528
2017-10-19,0.1326465459598661
2017-10-20,0.1731576209435128
2017-10-21,0.0
2017-10-22,0.0
2017-10-23,0.0014250466090483
2017-10-24,0.0452883523808605
2017-10-25,0.1068226364592813
2017-10-26,-0.09009036918402
2017-10-27,0.0421993789250732
2017-10-28,0.0
2017-10-29,0.0
2017-10-30,-0.2806130590674643
2017-10-31,0.5564525790968929
2017-11-01,-0.566744136195449
2017-11-02,0.3654260888016775
2017-11-03,-0.4678372935654837
2017-11-04,0.0
2017-11-05,0.0
2017-11-06,0.0
2017-11-07,-0.3913195867944722
2017-11-08,-0.1719451002999579
2017-11-09,-0.1109021992819767
2017-11-10,0.0
2017-11-11,0.0
2017-11-12,0.0
2017-11-13,-0.0741552405235675
2017-11-14,0.1655684185567012
2017-11-15,0.1428381314443677
2017-11-16,-0.2192010845237128
2017-11-17,0.0274953990945519
2017-11-18,0.0
2017-11-19,0.0
2017-11-20,-0.1516569091321166
2017-11-21,0.0622393457690504
2017-11-22,-0.0349058173767356
2017-11-23,0.1226659332850789
2017-11-24,0.0389704074468097
2017-11-25,0.0
2017-11-26,0.0
2017-11-27,-0.4523712348250475
2017-11-28,0.0510375164731952
2017-11-29,0.5052844762417257
2017-11-30,0.3664667353667915
2017-12-01,0.0973611129160787
2017-12-02,0.0
2017-12-03,0.0
2017-12-04,0.1122394773138794
2017-12-05,0.1856440652292066
2017-12-06,0.2963299485418014
2017-12-07,0.2170449589018741
2017-12-08,0.3263404222586926
2017-12-09,0.0
2017-12-10,0.0
2017-12-11,0.0221186827684536
2017-12-12,0.0962161441279314
2017-12-13,-0.0303197694415742
2017-12-14,0.3122291488344617
2017-12-15,0.9761226429407082
2017-12-16,0.0
2017-12-17,0.0
2017-12-18,-0.93381225801404
2017-12-19,0.4338393998769726
2017-12-20,0.7036327368835713
2017-12-21,0.2280200157248798
2017-12-22,-0.126948524759399
2017-12-23,0.0
2017-12-24,0.0
2017-12-25,-0.9359826802000116
2017-12-26,-0.4553665429095125
2017-12-27,0.2363573286304238
2017-12-28,0.5413793462487997
2017-12-29,0.1761335099821845
2017-12-30,0.0029816004369885
2017-12-31,0.0
2018-01-01,0.0
2018-01-02,0.0
2018-01-03,-0.0007846191530246
2018-01-04,0.0007715172498244
2018-01-05,0.0007407582101047
2018-01-06,-0.1068507277557519
2018-01-07,0.0
2018-01-08,0.0
2018-01-09,-0.5670238532328253
2018-01-10,-0.1971575281594282
2018-01-11,0.2338358007432384
2018-01-12,0.4041623867585738
2018-01-13,0.0
2018-01-14,0.0
2018-01-15,-2.383217142945645
2018-01-16,-0.3446198675065146
2018-01-17,-0.4074156694744133
2018-01-18,-0.178253719297153
2018-01-19,-0.0038394244359571
2018-01-20,0.0
2018-01-21,0.0
2018-01-22,-0.1251409215630605
2018-01-23,-0.1037778907603997
2018-01-24,-0.164514598515241
2018-01-25,-0.1713541077428
2018-01-26,-0.414102284262018
2018-01-27,0.0
2018-01-28,0.0
2018-01-29,-0.3797232094882998
2018-01-30,0.0022060116918868
2018-01-31,0.4529646345236884
2018-02-01,0.0122815943400276
2018-02-02,0.08669472877106
2018-02-03,0.0
2018-02-04,0.0
2018-02-05,0.016310874483208
2018-02-06,0.0686601322504407
2018-02-07,-0.0920334161275422
2018-02-08,-0.0803440594084093
2018-02-09,0.0680632866041483
2018-02-10,0.0
2018-02-11,0.0
2018-02-12,-0.0319089489302224
2018-02-13,0.0923336868985777
2018-02-14,-0.1914285725239398
2018-02-15,-0.1841190086731752
2018-02-16,0.2520722752824454
2018-02-17,0.0
2018-02-18,0.0
2018-02-19,-0.244239834709709
2018-02-20,-0.150575391854532
2018-02-21,0.1231584986582264
2018-02-22,-0.0632618045426157
2018-02-23,0.0
2018-02-24,0.0
2018-02-25,0.0
2018-02-26,-0.1559753453641247
2018-02-27,-0.632986134722748
2018-02-28,-0.1624058486958167
2018-03-01,0.1415857265032344
2018-03-02,-0.0412569405381644
2018-03-03,0.0
2018-03-04,0.0
2018-03-05,0.1686159298408242
2018-03-06,0.3691358105183452
2018-03-07,0.1284523459948353
2018-03-08,0.0
2018-03-09,-1.669167866459902e-05
2018-03-10,0.0
2018-03-11,0.0
2018-03-12,-0.1961700042417794
2018-03-13,-0.1538025049764357
2018-03-14,-0.0175148969299386
2018-03-15,0.0534350655598565
2018-03-16,0.0581673995898414
2018-03-17,0.0001217577556459
2018-03-18,0.0
2018-03-19,-0.0939567157469849
2018-03-20,0.093175753277785
2018-03-21,0.0458633189614233
2018-03-22,0.0354291948244795
2018-03-23,0.1951651717290365
2018-03-24,0.0
2018-03-25,0.0
2018-03-26,-0.8648673230988432
2018-03-27,0.4624799100153515
2018-03-28,-0.2068878060859861
2018-03-29,0.8544068351555169
2018-03-30,-0.996269823561128
2018-03-31,1.0272100000290222e-05
2018-04-01,0.0
2018-04-02,-0.2646927654860506
2018-04-03,-0.1618104225647562
2018-04-04,-0.2139477335633128
2018-04-05,0.1924628802449644
2018-04-06,0.3669050034692621
2018-04-07,0.0
2018-04-08,0.0
2018-04-09,-0.1068959657070535
2018-04-10,-0.104884921720528
2018-04-11,-0.2320126172582445
2018-04-12,0.2183295942741444
2018-04-13,0.2454015449004373
2018-04-14,0.0
2018-04-15,0.0
2018-04-16,-0.1032815859878855
2018-04-17,-1.5141987372306585
2018-04-18,-0.1183332422544891
2018-04-19,0.163748992615125
2018-04-20,-0.0262944644677209
2018-04-21,0.0
2018-04-22,0.0
2018-04-23,-0.2571485367767765
2018-04-24,0.0019847107774909
2018-04-25,-0.1866236225654574
2018-04-26,-0.1103964470285325
2018-04-27,-0.2694433680867951
2018-04-28,-0.1863585538471642
2018-04-29,0.0
2018-04-30,0.0049960847607299
2018-05-01,0.0
2018-05-02,0.0039807739361074
2018-05-03,0.2977262248126137
2018-05-04,-0.1664082579314075
2018-05-05,0.0
2018-05-06,0.0
2018-05-07,0.1057340192618212
2018-05-08,0.0010612983124624
2018-05-09,0.0
2018-05-10,0.4843617827138603
2018-05-11,0.0908685038804946
2018-05-12,0.0
2018-05-13,0.0
2018-05-14,0.2205738917806207
2018-05-15,0.1214699648614316
2018-05-16,-0.3018145459978102
2018-05-17,-0.124513198994965
2018-05-18,-0.1425933935565126
2018-05-19,0.0
2018-05-20,0.0
2018-05-21,0.0500326598781088
2018-05-22,-0.0279090781105616
2018-05-23,-0.0292360171276518
2018-05-24,-0.3256334300963425
2018-05-25,-0.4445064720738975
2018-05-26,0.0
2018-05-27,0.0
2018-05-28,-0.230091145197676
2018-05-29,0.1595207382678261
2018-05-30,0.1025565549126398
2018-05-31,0.1250070280525439
2018-06-01,0.4635326225586882
2018-06-02,0.0
2018-06-03,0.0
2018-06-04,-0.1735898871835312
2018-06-05,0.0569010993209066
2018-06-06,0.0460499454963196
2018-06-07,0.1387891808352023
2018-06-08,0.1934122167024737
2018-06-09,0.1856382230423031
2018-06-10,0.0
2018-06-11,0.005591363220546
2018-06-12,0.0
2018-06-13,0.0945088317519082
2018-06-14,0.4375980107916082
2018-06-15,0.3311546621161007
2018-06-16,0.0
2018-06-17,0.0
2018-06-18,-0.1970853485966729
2018-06-19,0.4710776693697895
2018-06-20,0.3635146337582682
2018-06-21,0.8800873815046858
2018-06-22,0.0169328298369878
2018-06-23,0.0
2018-06-24,0.0
2018-06-25,-0.3495210262030209
2018-06-26,0.3721901008570479
2018-06-27,-0.0722265659199499
2018-06-28,0.0612794161878467
2018-06-29,0.3620395876446192
2018-06-30,0.0
2018-07-01,0.0
2018-07-02,0.0414487357706998
2018-07-03,-0.0417916817840922
2018-07-04,0.5153954449296057
2018-07-05,0.5117186182324842
2018-07-06,0.2423428243190692
2018-07-07,0.0
2018-07-08,0.0
2018-07-09,-0.016240668250581
2018-07-10,0.0368227392569318
2018-07-11,0.8370300914141476
2018-07-12,0.1149139735997522
2018-07-13,-0.0092425359452692
2018-07-14,0.0
2018-07-15,0.0
2018-07-16,0.4399429428020123
2018-07-17,0.3753813310371215
2018-07-18,0.11427892993343
2018-07-19,-0.1814163251959675
2018-07-20,-0.115704661846443
2018-07-21,0.0
2018-07-22,0.0
2018-07-23,0.5434331918145245
2018-07-24,0.4699335462287196
2018-07-25,-0.6492749158218539
2018-07-26,-0.3792792641807533
2018-07-27,-0.0427881710881269
2018-07-28,0.0
2018-07-29,0.0
2018-07-30,0.2930789293950707
2018-07-31,0.4741588397118078
2018-08-01,0.1929539524601537
2018-08-02,-0.0300191598455291
2018-08-03,0.0533612747843093
2018-08-04,0.0
2018-08-05,0.0
2018-08-06,-0.1931654372138777
2018-08-07,-0.0070806063772869
2018-08-08,0.0399304233110076
2018-08-09,0.0754115932046468
2018-08-10,0.1635508529557153
2018-08-11,0.0
2018-08-12,0.0
2018-08-13,-0.3715970586278115
2018-08-14,0.2614519113266131
2018-08-15,0.0854577934372379
2018-08-16,0.1595338942979693
2018-08-17,-0.3401820480539829
2018-08-18,0.0
2018-08-19,0.0
2018-08-20,-0.142817057761196
2018-08-21,-0.1078533081809626
2018-08-22,-0.0089853118798249
2018-08-23,-0.0342404343686628
2018-08-24,0.6079887556326539
2018-08-25,0.0
2018-08-26,0.0
2018-08-27,-0.0142998995968127
2018-08-28,0.2287095791964255
2018-08-29,0.1706014129676402
2018-08-30,0.2626525117500324
2018-08-31,0.3887748227376472
2018-09-01,0.0
2018-09-02,0.0
2018-09-03,-0.1829053502343553
2018-09-04,-0.1615693128024111
2018-09-05,0.2444095835641378
2018-09-06,0.124582078842166
2018-09-07,0.2638628878800001
2018-09-08,0.0
2018-09-09,0.0
2018-09-10,0.1886701324439799
2018-09-11,0.0749945570652002
2018-09-12,0.0201062000297888
2018-09-13,0.5336826405707468
2018-09-14,0.0019985795910142
2018-09-15,0.0
2018-09-16,0.0
2018-09-17,-0.0336929259256604
2018-09-18,-0.0693639909035901
2018-09-19,-0.1608692121008547
2018-09-20,0.0774135790699889
2018-09-21,0.3864375474904126
2018-09-22,0.0
2018-09-23,0.0
2018-09-24,0.3442974892627453
2018-09-25,-0.7125150497709888
2018-09-26,-0.1773489466960014
2018-09-27,0.0990260999218217
2018-09-28,-0.4616807416763866
2018-09-29,0.0
2018-09-30,0.0
2018-10-01,0.3181382166717069
2018-10-02,0.1558946678678841
2018-10-03,0.1680038767411064
2018-10-04,0.3256645237197353
2018-10-05,-0.1055092426082429
2018-10-06,0.0
2018-10-07,0.0
2018-10-08,-0.0029141847988993
2018-10-09,0.745696239461465
2018-10-10,0.0
2018-10-11,0.1462735677256998
2018-10-12,0.0839838897404518
2018-10-13,0.0
2018-10-14,0.0
2018-10-15,-0.3197842221824239
2018-10-16,-0.1083913319990816
2018-10-17,-0.1093255472729925
2018-10-18,-0.1422327680878378
2018-10-19,-0.0788646836212249
2018-10-20,0.0
2018-10-21,0.0
2018-10-22,0.2199810966291174
2018-10-23,-0.0083379772872322
2018-10-24,-0.4380690467999328
2018-10-25,-1.395696227360433
2018-10-26,-0.0909572368745164
2018-10-27,0.0
2018-10-28,0.0
2018-10-29,0.3375897539176427
2018-10-30,0.1748781595558328
2018-10-31,-0.9207075153883548
2018-11-01,-0.147316452632055
2018-11-02,0.273169198942486
2018-11-03,0.0
2018-11-04,0.0
2018-11-05,0.0
2018-11-06,-0.0391755317758206
2018-11-07,0.0938430339718839
2018-11-08,-0.0602610327550967
2018-11-09,0.1883951765872782
2018-11-10,0.0
2018-11-11,0.0
2018-11-12,-0.0888922171014563
2018-11-13,0.3815241401374811
2018-11-14,0.2910717784661664
2018-11-15,0.0796022995840172
2018-11-16,-0.2823683955467994
2018-11-17,0.0
2018-11-18,0.0
2018-11-19,-0.2046203145704299
2018-11-20,0.02078498010211
2018-11-21,-0.0820868921612501
2018-11-22,0.1643886287145478
2018-11-23,-0.1454180275057847
2018-11-24,0.0
2018-11-25,0.0
2018-11-26,-0.8261369367976551
2018-11-27,-0.4756640886391491
2018-11-28,-0.1296928945360179
2018-11-29,-0.0964615343326024
2018-11-30,-0.1450070444613753
2018-12-01,0.0
2018-12-02,0.0
2018-12-03,-0.1641241141008238
2018-12-04,-0.2201784697616255
2018-12-05,-0.1525449607394527
2018-12-06,0.0486097058877653
2018-12-07,0.0810475956293964
2018-12-08,0.0
2018-12-09,0.0
2018-12-10,-0.0585797363805897
2018-12-11,-0.2995137208059171
2018-12-12,-0.0621428739027868
2018-12-13,0.10088225214809
2018-12-14,-0.2767550826001105
2018-12-15,0.0
2018-12-16,0.0
2018-12-17,-0.2832585206583854
2018-12-18,0.1897190632430531
2018-12-19,-0.2806220364226037
2018-12-20,-0.1067733614303083
2018-12-21,1.0792755951651447
2018-12-22,0.0
2018-12-23,0.0
2018-12-24,-0.2182610763336086
2018-12-25,-0.0169169231134185
2018-12-26,0.4651567291874227
2018-12-27,0.3365246119225515
2018-12-28,0.7098058183454296
2018-12-29,0.0965734488139389
2018-12-30,-0.0339931609089379
2018-12-31,0.0036350650287972
2019-01-01,0.0
2019-01-02,0.0
2019-01-03,-0.0597629550270314
2019-01-04,0.0064530807669463
2019-01-05,0.0
2019-01-06,-0.0527781520578336
2019-01-07,0.0
2019-01-08,0.0041981955049392
2019-01-09,-0.515724768473809
2019-01-10,0.1866694377293176
2019-01-11,0.4873593090336406
2019-01-12,0.0
2019-01-13,0.0
2019-01-14,-0.008353478395144
2019-01-15,0.5656009328181929
2019-01-16,-0.7531341927235033
2019-01-17,0.1870616931110771
2019-01-18,0.0118100506643174
2019-01-19,0.0
2019-01-20,0.0
2019-01-21,-0.0336579140562795
2019-01-22,0.6060090525447586
2019-01-23,0.26717369404468
2019-01-24,-0.3014621840778232
2019-01-25,-0.0802811156152666
2019-01-26,0.0
2019-01-27,0.0
2019-01-28,-0.3526325746897782
2019-01-29,0.0941766126252101
2019-01-30,0.1693573212540801
2019-01-31,0.1339284201051539
2019-02-01,-0.0522817010268882
2019-02-02,0.0
2019-02-03,0.0
2019-02-04,-1.1463043660500296
2019-02-05,-0.0111369597447585
2019-02-06,0.0088802358978771
2019-02-07,0.1551528056968243
2019-02-08,0.3186062003713839
2019-02-09,0.0
2019-02-10,0.0
2019-02-11,-0.201240963920652
2019-02-12,0.9249945659936186
2019-02-13,0.1959757757182071
2019-02-14,0.3868328144027893
2019-02-15,0.037063150749821
2019-02-16,0.0
2019-02-17,0.0
2019-02-18,-0.5795129659580365
2019-02-19,0.1316148745246777
2019-02-20,0.4959178522339848
2019-02-21,-0.0352647992550993
2019-02-22,-0.7478045557197066
2019-02-23,0.0
2019-02-24,0.0
2019-02-25,-0.5673445258041354
2019-02-26,0.2397075066351617
2019-02-27,-0.0507917905245797
2019-02-28,0.5209887695839447
2019-03-01,0.1593501452278508
2019-03-02,0.0
2019-03-03,0.0
2019-03-04,-0.4385532152169004
2019-03-05,-0.2499061027413141
2019-03-06,0.2753831525646154
2019-03-07,0.195697059105353
2019-03-08,0.0
2019-03-09,0.0
2019-03-10,0.0
2019-03-11,0.212947908466293
2019-03-12,-0.3624572889518206
2019-03-13,-0.2872557378776765
2019-03-14,0.2837458581089728
2019-03-15,-0.0325629170128616
2019-03-16,0.0
2019-03-17,0.0
2019-03-18,-0.1527995134528514
2019-03-19,-0.0952801393871198
2019-03-20,-0.3293227649308849
2019-03-21,0.1777199371315383
2019-03-22,-0.4569425134632301
2019-03-23,0.0
2019-03-24,0.0
2019-03-25,-0.6506686485416275
2019-03-26,-0.3465657592607896
2019-03-27,0.1934407015984473
2019-03-28,-0.2228700867634465
2019-03-29,1.0819422604101567
2019-03-30,0.0
2019-03-31,0.0
2019-04-01,-1.6590351381831565
2019-04-02,-0.2503199934423073
2019-04-03,0.1954575297978151
2019-04-04,-0.1734304524715548
2019-04-05,0.7087622109029379
2019-04-06,0.0
2019-04-07,0.0
2019-04-08,-0.0989180610914044
2019-04-09,0.0906580007357276
2019-04-10,0.6201162649669779
2019-04-11,-0.0792085650407625
2019-04-12,0.184954490842263
2019-04-13,0.0
2019-04-14,0.0
2019-04-15,-0.0871265971981528
2019-04-16,0.0268466047393249
2019-04-17,-0.2817807086829891
2019-04-18,-0.1534347755456332
2019-04-19,-0.104658414337793
2019-04-20,0.0
2019-04-21,0.0
2019-04-22,0.3932488966373774
2019-04-23,0.4938895631960444
2019-04-24,-0.0698337006054903
2019-04-25,-0.9814275857726515
2019-04-26,-0.4028313729273461
2019-04-27,0.0
2019-04-28,0.0
2019-04-29,-0.1591645465047234
2019-04-30,0.1957162148780702
2019-05-01,0.0
2019-05-02,0.0
2019-05-03,0.0
2019-05-04,0.0
2019-05-05,0.0
2019-05-06,-0.5458754997995078
2019-05-07,1.1536042096534205
2019-05-08,0.2093737066017543
2019-05-09,0.0
2019-05-10,0.0
2019-05-11,0.0
2019-05-12,0.0
2019-05-13,0.281145888156893
2019-05-14,0.195074446892161
2019-05-15,0.0818115515137319
2019-05-16,-0.008471007693935
2019-05-17,-0.3617833110225417
2019-05-18,0.0
2019-05-19,0.0
2019-05-20,-0.1988767149082826
2019-05-21,0.2019876414543673
2019-05-22,0.1079703673170956
2019-05-23,0.1205795150924693
2019-05-24,-0.1568415597502841
2019-05-25,0.0
2019-05-26,0.0
2019-05-27,-0.6057732263089846
2019-05-28,-0.3437037922149732
2019-05-29,-0.5359333399646476
2019-05-30,-0.4066353789934461
2019-05-31,-0.2491888973216482
2019-06-01,0.0
2019-06-02,0.0
2019-06-03,-0.4623967528672588
2019-06-04,-0.3997523680211916
2019-06-05,-0.2706785603671995
2019-06-06,-0.4888117351907014
2019-06-07,-0.4559826160357074
2019-06-08,0.0
2019-06-09,0.0
2019-06-10,-0.2669776343808244
2019-06-11,-0.2270116041993337
2019-06-12,0.0
2019-06-13,-0.2125402482454274
2019-06-14,-0.535828456171387
2019-06-15,0.0
2019-06-16,0.0
2019-06-17,-0.5975843374547124
2019-06-18,-0.55062866147512
2019-06-19,-0.4203168483043062
2019-06-20,-0.2521607653989898
2019-06-21,-0.4959197069431007
2019-06-22,0.0
2019-06-23,0.0
2019-06-24,-0.6544248207536116
2019-06-25,-0.3921347699312954
2019-06-26,-0.4759828666581661
2019-06-27,-0.032515806761405
2019-06-28,0.2290218360091574
2019-06-29,0.0
2019-06-30,0.0
2019-07-01,-0.6074640216603456
2019-07-02,-0.3277686243038561
2019-07-03,-0.5917871666657678
2019-07-04,-0.2751980044933662
2019-07-05,-0.4043886604806931
2019-07-06,0.0
2019-07-07,0.0
2019-07-08,-0.4070406848854473
2019-07-09,-0.3138787205992116
2019-07-10,-0.1959545071905754
2019-07-11,-0.288535792969937
2019-07-12,-0.2215977572316458
2019-07-13,0.0
2019-07-14,0.0
2019-07-15,0.2378289450444322
2019-07-16,-0.028649654858563
2019-07-17,0.1137064307331261
2019-07-18,0.1667911665462035
2019-07-19,0.0116373495766105
2019-07-20,0.0
2019-07-21,0.0
2019-07-22,-0.3474083503691106
2019-07-23,-0.2241746161132357
2019-07-24,-0.551731535841212
2019-07-25,-0.678369865455045
2019-07-26,-0.5861913044776841
2019-07-27,0.0
2019-07-28,0.0
2019-07-29,-1.2160729093539957
2019-07-30,-0.600156362763761
2019-07-31,-0.4186852475636806
2019-08-01,-0.1847795069156226
2019-08-02,-0.5935716475733787
2019-08-03,0.0
2019-08-04,0.0
2019-08-05,0.5499987842680562
2019-08-06,-0.2028723908312625
2019-08-07,-0.1229402565095482
2019-08-08,-0.4428279058128807
2019-08-09,-0.3470590755843421
2019-08-10,0.0
2019-08-11,0.0
2019-08-12,0.0054557555883412
2019-08-13,-0.111197599968531
2019-08-14,-0.0919376714848477
2019-08-15,-0.1446847628761532
2019-08-16,-0.038021321345603
2019-08-17,0.0
2019-08-18,0.0
2019-08-19,-0.1408106359519011
2019-08-20,0.0327682546463903
2019-08-21,0.1870716325222594
2019-08-22,0.3771452341682306
2019-08-23,0.156893415566418
2019-08-24,0.0
2019-08-25,2.328666487568718e-06
2019-08-26,-0.4166632439120306
2019-08-27,0.1419795449989338
2019-08-28,0.0743685990521445
2019-08-29,0.2304740787770007
2019-08-30,0.1516534525455731
2019-08-31,1.3427037746527352e-05
2019-09-01,-0.0006408578207987
2019-09-02,-0.1964471524739154
2019-09-03,0.3380426929073411
2019-09-04,0.1433304589829779
2019-09-05,1.4088631729015693
2019-09-06,-0.1085609160560201
2019-09-07,0.0
2019-09-08,0.0
2019-09-09,-0.1768997884498788
2019-09-10,0.5121451809862034
2019-09-11,-0.0830505351502701
2019-09-12,0.7676420667400249
2019-09-13,0.1714829326639645
2019-09-14,0.0
2019-09-15,0.0
2019-09-16,-0.3583145183650584
2019-09-17,0.0212115748778408
2019-09-18,-0.042716672532962
2019-09-19,0.5185649104647064
2019-09-20,0.0593628673140507
2019-09-21,0.0
2019-09-22,0.0
2019-09-23,-0.3535669179332328
2019-09-24,0.4027536913588923
2019-09-25,-0.2910177153959498
2019-09-26,0.033417823718359
2019-09-27,0.0642787306446662
2019-09-28,0.0
2019-09-29,3.929316755833368e-06
2019-09-30,0.0100520291419467
2019-10-01,-0.1438848415854075
2019-10-02,-0.00197634288866
2019-10-03,0.1340943337311864
2019-10-04,0.1126658840524609
2019-10-05,0.0
2019-10-06,0.0005728044407805
2019-10-07,-0.1576182335478171
2019-10-08,0.0687347543869294
2019-10-09,0.1451920768083402
2019-10-10,0.3043400531729432
2019-10-11,0.2229896598381578
2019-10-12,0.0
2019-10-13,0.0
2019-10-14,0.1773592226938126
2019-10-15,0.261155384168367
2019-10-16,0.1137783880246736
2019-10-17,0.030328598023396
2019-10-18,0.0778035439694029
2019-10-19,0.0
2019-10-20,0.0
2019-10-21,-0.5488158961777821
2019-10-22,0.1001974912540956
2019-10-23,-0.1440355735783947
2019-10-24,-0.1926095296026485
2019-10-25,-0.2674153231113572
2019-10-26,0.0
2019-10-27,0.0
2019-10-28,-0.3602691629517174
2019-10-29,-0.0344534730852996
2019-10-30,0.1411216980354954
2019-10-31,0.3998645505025376
2019-11-01,0.1082933313056043
2019-11-02,-0.0001704688862124
2019-11-03,-4.2674123166604464e-05
2019-11-04,-2.884219420785876e-07
2019-11-05,-0.2278284316769839
2019-11-06,-0.1795768248370506
2019-11-07,0.0861205965403353
2019-11-08,0.1865235826676233
2019-11-09,0.0
2019-11-10,0.0
2019-11-11,-0.0348011194744122
2019-11-12,-0.3784509296353848
2019-11-13,-0.0272312882715468
2019-11-14,0.00901165928151
2019-11-15,-0.0160376224687601
2019-11-16,0.0
2019-11-17,0.0
2019-11-18,-0.4569965413513683
2019-11-19,0.233255550991612
2019-11-20,0.128497627160052
2019-11-21,0.03837807564012
2019-11-22,-0.3105750353425184
2019-11-23,0.0
2019-11-24,0.0
2019-11-25,-0.2490892448875206
2019-11-26,-0.2723994670351482
2019-11-27,0.4592649622162746
2019-11-28,-0.2207016836890727
2019-11-29,0.0974668196829365
2019-11-30,0.0
2019-12-01,0.0
2019-12-02,-0.5308469092959345
2019-12-03,-0.3196901517958567
2019-12-04,-0.0949804759809482
2019-12-05,0.2244332930826524
2019-12-06,-0.3882360056110593
2019-12-07,0.0
2019-12-08,0.0
2019-12-09,-0.2294534890381881
2019-12-10,-0.2569429089306012
2019-12-11,-0.0776745615715698
2019-12-12,-0.0456203035602169
2019-12-13,-0.4054331314246404
2019-12-14,0.0
2019-12-15,0.0
2019-12-16,-0.6762905209537554
2019-12-17,0.2067856046233702
2019-12-18,-0.0811127632538062
2019-12-19,-0.043770199096373
2019-12-20,-0.2484858266311878
2019-12-21,0.0
2019-12-22,0.0
2019-12-23,-0.0800193033722786
2019-12-24,0.9956462538739902
2019-12-25,-0.1466673747529897
2019-12-26,0.6365094222209261
2019-12-27,0.2240043735378499
2019-12-28,0.1028279106235908
2019-12-29,0.0011076016296366
2019-12-30,-0.966615846869805
2019-12-31,-0.411337730387402
2020-01-01,0.0
2020-01-02,-2.01531709486278e-05
2020-01-03,-0.0820384798437159
2020-01-04,-1.1850250987022547e-07
2020-01-05,0.0
2020-01-06,-0.0845694552118313
2020-01-07,0.0
2020-01-08,-0.0008279444194374
2020-01-09,-0.4226454750672002
2020-01-10,0.3215791691922057
2020-01-11,0.0
2020-01-12,-2.160248087152045e-06
2020-01-13,-0.1739709609317983
2020-01-14,-0.168409401112235
2020-01-15,0.124763005301002
2020-01-16,0.0651292384711624
2020-01-17,-0.3791543653662435
2020-01-18,0.0
2020-01-19,0.0
2020-01-20,-0.5742354709802688
2020-01-21,0.2258344318406183
2020-01-22,-0.2861168046856959
2020-01-23,-0.0570168344943316
2020-01-24,-0.3587523332744304
2020-01-25,0.0
2020-01-26,0.0
2020-01-27,-1.1746081926244871
2020-01-28,-0.4917024587797449
2020-01-29,0.0404758919834745
2020-01-30,-0.3677933860014404
2020-01-31,0.1060595320813139
2020-02-01,0.0
2020-02-02,0.0
2020-02-03,-0.5190350603112622
2020-02-04,0.0319373133091435
2020-02-05,0.1069595151006893
2020-02-06,0.0467850865605271
2020-02-07,0.498465501853259
2020-02-08,0.0
2020-02-09,0.0
2020-02-10,-0.1205693893558407
2020-02-11,-0.3634972478863707
2020-02-12,0.2197160382205426
2020-02-13,0.3098642378670721
2020-02-14,0.0889239011306872
2020-02-15,0.0
2020-02-16,0.0
2020-02-17,-0.3230626299584094
2020-02-18,-0.0923487493970997
2020-02-19,-0.1591600473067642
2020-02-20,0.3383190007986787
2020-02-21,-0.1999560715296047
2020-02-22,0.0
2020-02-23,0.0
2020-02-24,-3.546516781505025e-07
2020-02-25,-0.4037286026725741
2020-02-26,-0.2934106048059197
2020-02-27,-0.1128471475587689
2020-02-28,0.061663641431362
2020-02-29,0.0
2020-03-01,0.0
2020-03-02,-0.3040550908063048
2020-03-03,0.0291720623764305
2020-03-04,0.0171030969028924
2020-03-05,0.2403429818744579
2020-03-06,-0.2811547501827564
2020-03-07,0.0
2020-03-08,0.0
2020-03-09,-4.608430939397656e-09
2020-03-10,-0.1605815885101851
2020-03-11,0.1169028940235364
2020-03-12,0.0308311193585763
2020-03-13,0.1744213600967034
2020-03-14,0.0
2020-03-15,0.0
2020-03-16,-0.3066491260210208
2020-03-17,-0.1724498401469594
2020-03-18,-0.2517503203296414
2020-03-19,-0.1308155279316041
2020-03-20,-0.0668464637138057
2020-03-21,0.0
2020-03-22,0.0
2020-03-23,-0.1741893726049004
2020-03-24,-0.0637461572704869
2020-03-25,-0.1501383952049907
2020-03-26,-0.1658240189771235
2020-03-27,-0.1194119320490212
2020-03-28,0.0
2020-03-29,0.0
2020-03-30,-0.5002646142130958
2020-03-31,-0.2353757397661455
2020-04-01,0.1383770547814175
2020-04-02,0.1309692593021177
2020-04-03,-0.1288245771384836
2020-04-04,0.0
2020-04-05,-1.2790831741753607e-05
2020-04-06,-0.3291291616660556
2020-04-07,-0.4089889525228765
2020-04-08,0.1168257057546972
2020-04-09,0.1685015750899698
2020-04-10,0.0120271801468461
2020-04-11,-0.0055021106404195
2020-04-12,0.0011596906971573
2020-04-13,-0.1534603309937281
2020-04-14,0.0923632408978615
2020-04-15,-0.0732204763328639
2020-04-16,-0.1573031009820104
2020-04-17,-0.0644115475072128
2020-04-18,-0.0023932184598391
2020-04-19,-2.2083245554063962e-07
2020-04-20,-0.1614098991838814
2020-04-21,-0.0828963057268745
2020-04-22,-0.1621852560103544
2020-04-23,-0.3392411510028861
2020-04-24,-0.0155571905939321
2020-04-25,-0.0060241705509247
2020-04-26,0.0
2020-04-27,-0.5426619129359221
2020-04-28,-0.0362835781833925
2020-04-29,0.1512979970253973
2020-04-30,0.2871016186352811
2020-05-01,0.0
2020-05-02,0.0
2020-05-03,0.0
2020-05-04,-0.0974968418856368
2020-05-05,0.0067984139738993
2020-05-06,-0.9534748960655678
2020-05-07,0.2430032826130038
2020-05-08,0.0655226196267657
2020-05-09,0.0
2020-05-10,-0.0073860259651904
2020-05-11,-8.58221510371255e-06
2020-05-12,-0.2376458799708006
2020-05-13,0.1145448867753669
2020-05-14,0.0361790500424979
2020-05-15,0.3118943466427211
2020-05-16,0.043607618248095
2020-05-17,0.0080043044283608
2020-05-18,-0.4048087632017563
2020-05-19,0.1511989189334341
2020-05-20,0.0042947591987977
2020-05-21,-0.0775417850788782
2020-05-22,-0.450131384638765
2020-05-23,0.0022770132119746
2020-05-24,0.0
2020-05-25,-0.1951921256515843
2020-05-26,-0.3367459767177004
2020-05-27,-0.409973944134058
2020-05-28,0.1183265022662369
2020-05-29,-0.1126468087824488
2020-05-30,0.0001416457549766
2020-05-31,0.0
2020-06-01,-0.0484787468153998
2020-06-02,-0.1304634028849674
2020-06-03,-0.0933318633623462
2020-06-04,0.1694217890685014
2020-06-05,0.2951908023218088
2020-06-06,-0.0069649923094769
2020-06-07,0.0
2020-06-08,-0.118212567343441
2020-06-09,-1.47469790060725
2020-06-10,0.2331368629463121
2020-06-11,0.2569832275530452
2020-06-12,0.0
2020-06-13,0.0
2020-06-14,-0.0172412487484334
2020-06-15,-0.4251687004238378
2020-06-16,-0.3356617236253382
2020-06-17,0.0869956092506757
2020-06-18,-0.0560767515028098
2020-06-19,-0.173216835172997
2020-06-20,-0.0256670373658833
2020-06-21,0.0
2020-06-22,-0.2428429523117256
2020-06-23,-0.3989382733035876
2020-06-24,0.0
2020-06-25,-0.1410283357672594
2020-06-26,-0.5849249520149771
2020-06-27,-0.0095841628637734
2020-06-28,0.0
2020-06-29,-0.0730568445516607
2020-06-30,0.2231802727316514
2020-07-01,-0.029039780526382
2020-07-02,-0.310757682141791
2020-07-03,0.113028423349837
2020-07-04,0.0
2020-07-05,0.0
2020-07-06,-0.2551282376388946
2020-07-07,0.1499207811854495
2020-07-08,0.0250116243821412
2020-07-09,0.1132029320419121
2020-07-10,0.1782888408998581
2020-07-11,-1.345464330120999e-07
2020-07-12,0.0
2020-07-13,-0.1781249185241667
2020-07-14,-0.0867557837395309
2020-07-15,-0.0233514597965365
2020-07-16,0.1508434210683615
2020-07-17,-0.2360409726447053
2020-07-18,0.0
2020-07-19,0.0
2020-07-20,-0.1147188776773085
2020-07-21,0.1672364062698322
2020-07-22,0.0209007800042393
2020-07-23,-0.0980285027246553
2020-07-24,0.2260811929218244
2020-07-25,0.0
2020-07-26,0.0
2020-07-27,-0.9995798670699884
2020-07-28,-0.1383780234209332
2020-07-29,-0.1406106132481087
2020-07-30,0.1025852330203723
2020-07-31,0.0036204317726998
2020-08-01,0.0
2020-08-02,0.0
2020-08-03,-0.2573810265348842
2020-08-04,-0.0254666199828984
2020-08-05,0.2125305603755727
2020-08-06,0.0691039654414459
2020-08-07,0.1733873087492754
2020-08-08,0.0
2020-08-09,0.0
2020-08-10,-0.0428211849261898
2020-08-11,0.0024595964320173
2020-08-12,0.0868831342261336
2020-08-13,-0.1530603717111341
2020-08-14,-0.0644850769847258
2020-08-15,-1.5339491555423628e-06
2020-08-16,0.0
2020-08-17,-0.4495700399085449
2020-08-18,-0.377738013321895
2020-08-19,-0.1282857423813556
2020-08-20,-0.3095598128588837
2020-08-21,-0.1102664879066791
2020-08-22,-1.0533556432908928e-07
2020-08-23,0.0
2020-08-24,-0.3476860284128013
2020-08-25,-0.084898579698152
2020-08-26,-0.2833861400271831
2020-08-27,-0.0039544873196264
2020-08-28,-0.3101929814863261
2020-08-29,0.0
2020-08-30,0.0
2020-08-31,-0.2845196677666769
2020-09-01,-0.2947001442465576
2020-09-02,-0.0465495293517845
2020-09-03,-0.0576806274620609
2020-09-04,-0.1259519836302666
2020-09-05,0.0
2020-09-06,0.0
2020-09-07,-0.1851756796875186
2020-09-08,-0.1737572564153933
2020-09-09,0.1178322611227634
2020-09-10,0.1991259267530623
2020-09-11,-0.0305363740435694
2020-09-12,0.0
2020-09-13,0.0
2020-09-14,-0.31598531132924
2020-09-15,0.066211631706133
2020-09-16,-0.1220306357995475
2020-09-17,-0.2358445145095767
2020-09-18,0.1050654922504921
2020-09-19,0.0
2020-09-20,0.0
2020-09-21,-0.1023727864476104
2020-09-22,-0.2326137710501162
2020-09-23,-0.2314920344815248
2020-09-24,-0.1215643547570993
2020-09-25,-0.2147717944078316
2020-09-26,-1.5800334649363394e-07
2020-09-27,0.0
2020-09-28,-0.2508342387838009
2020-09-29,0.0272686896650376
2020-09-30,-0.157474274210274
2020-10-01,-0.3837856165709718
2020-10-02,-0.0642323800337986
2020-10-03,-2.633389108227232e-08
2020-10-04,-9.839000055613997e-08
2020-10-05,-0.3146337995395344
2020-10-06,-0.1181769482803665
2020-10-07,-0.1193498787495725
2020-10-08,-0.064078687821781
2020-10-09,0.0364200057120793
2020-10-10,-7.043162440078442e-07
2020-10-11,0.0
2020-10-12,-0.2152208483717455
2020-10-13,0.0427404838084489
2020-10-14,-0.6888276901466306
2020-10-15,-0.0054823002084867
2020-10-16,-0.2088984992919154
2020-10-17,0.0
2020-10-18,0.0
2020-10-19,-0.4418165564389446
2020-10-20,-0.1985587359385227
2020-10-21,-0.2774895782074806
2020-10-22,-0.4052820075043523
2020-10-23,-0.1874177992758668
2020-10-24,0.0
2020-10-25,0.0
2020-10-26,-0.8823692456234854
2020-10-27,-0.2873648811514859
2020-10-28,-0.6589571835230604
2020-10-29,-0.5590801568157022
2020-10-30,-0.3074023638010147
2020-10-31,-0.0194456035092599
2020-11-01,0.0
2020-11-02,-0.8347387999466778
2020-11-03,-0.0923554384951074
2020-11-04,0.0
2020-11-05,-0.0605865677608926
2020-11-06,-0.0089516209829387
2020-11-07,0.0
2020-11-08,0.0
2020-11-09,-0.3256935046145475
2020-11-10,-0.2436658335032594
2020-11-11,0.0753261629414098
2020-11-12,-0.0788931852128855
2020-11-13,-0.2415625950380649
2020-11-14,0.0
2020-11-15,0.0
2020-11-16,-1.0014684066642174
2020-11-17,-0.2862872729425282
2020-11-18,-0.3048382539461146
2020-11-19,-0.0918436463662393
2020-11-20,-0.194477570211378
2020-11-21,0.0
2020-11-22,0.0
2020-11-23,-0.4680990595529921
2020-11-24,-0.2211163632086063
2020-11-25,-0.6719353468896441
2020-11-26,-0.6092524944698379
2020-11-27,-0.3158146420921509
2020-11-28,0.0
2020-11-29,0.0
2020-11-30,-0.55362725892592
2020-12-01,-0.7552320454339614
2020-12-02,-0.177445146322499
2020-12-03,-0.219975558085145
2020-12-04,-0.1549338793014871
2020-12-05,0.0
2020-12-06,0.0
2020-12-07,-0.2846038630230899
2020-12-08,-0.3329408095376748
2020-12-09,-0.0301304287646927
2020-12-10,0.1501854214118339
2020-12-11,0.3743760567206878
2020-12-12,0.0
2020-12-13,0.0
2020-12-14,-0.5596387561851093
2020-12-15,-0.2292225659622626
2020-12-16,0.092775893129124
2020-12-17,-0.461916813936538
2020-12-18,-0.1075205166739748
2020-12-19,0.0
2020-12-20,0.0
2020-12-21,-0.8188667150559854
2020-12-22,-0.2115098109875454
2020-12-23,0.1012090352618206
2020-12-24,0.2261470788162805
2020-12-25,0.1612649623323014
2020-12-26,0.1345601663206365
2020-12-27,0.0
2020-12-28,0.1110425858478488
2020-12-29,0.0061321593140316
2020-12-30,0.1593161822505186
2020-12-31,-0.3051370936808408
2021-01-01,0.0
2021-01-02,0.0
2021-01-03,0.0
2021-01-04,-0.1454353319796248
2021-01-05,-0.012178786964862
2021-01-06,-0.0003417044769485
2021-01-07,0.0
2021-01-08,-0.1290860687795147
2021-01-09,0.0
2021-01-10,0.0
2021-01-11,-0.2800631219945239
2021-01-12,-0.9064689281079634
2021-01-13,-0.1819907246893527
2021-01-14,-0.1779212118406814
2021-01-15,-0.7067068416977758
2021-01-16,0.0
2021-01-17,0.0
2021-01-18,-0.8241878709799871
2021-01-19,-0.3795636241728003
2021-01-20,-0.1607652717982437
2021-01-21,-0.3863085076451961
2021-01-22,-0.66092914314345
2021-01-23,-0.0273591366530282
2021-01-24,0.0
2021-01-25,-1.2686044051921772
2021-01-26,-0.376769247561542
2021-01-27,-0.170353022806097
2021-01-28,0.2775923201732109
2021-01-29,-0.4013235677955313
2021-01-30,0.0
2021-01-31,0.0
2021-02-01,-0.4503378958289828
2021-02-02,-0.3921583388033149
2021-02-03,-0.4794945892330669
2021-02-04,-0.3839021144660512
2021-02-05,-0.0622415372227985
2021-02-06,0.0
2021-02-07,0.0
2021-02-08,-0.7957897798065156
2021-02-09,-0.5163336111956981
2021-02-10,0.2163811957177757
2021-02-11,-0.128829817082465
2021-02-12,-0.3357839923293094
2021-02-13,0.0
2021-02-14,0.0
2021-02-15,-0.2903031174001756
2021-02-16,-0.2382820608267084
2021-02-17,-0.1880222060011353
2021-02-18,-0.4723091464385061
2021-02-19,-0.4882329486685661
2021-02-20,-0.2660525663156504
2021-02-21,0.0
2021-02-22,-0.0097183510952988
2021-02-23,0.0
2021-02-24,-0.8736723604864074
2021-02-25,-0.5295039396279835
2021-02-26,-0.3558107204020575
2021-02-27,0.0
2021-02-28,0.0
2021-03-01,-0.8777018607519499
2021-03-02,-0.4484638774269776
2021-03-03,-0.2319649836075356
2021-03-04,0.008114340480329
2021-03-05,0.0130043484487974
2021-03-06,0.0
2021-03-07,0.0
2021-03-08,-1.6071442058055386e-05
2021-03-09,-1.259842582483562
2021-03-10,0.0245781822417173
2021-03-11,-0.3182100259799535
2021-03-12,-0.5418138834445834
2021-03-13,0.0
2021-03-14,0.0
2021-03-15,-0.6186448469656719
2021-03-16,-0.5123499810265125
2021-03-17,-0.4132038915858259
2021-03-18,-0.4732136222303713
2021-03-19,-0.5940015981953526
2021-03-20,0.0
2021-03-21,0.0
2021-03-22,-0.8108839317841737
2021-03-23,0.0980407750157478
2021-03-24,-0.5877780991954896
2021-03-25,-0.8698100264842614
2021-03-26,-2.514886598357007
2021-03-27,0.0
2021-03-28,0.0
2021-03-29,-1.0176794994533935
2021-03-30,-0.2596868850155485
2021-03-31,-0.0048781327384689
