usd_xr,date
60.65690000,2017-01-01
60.65690000,2017-01-02
60.65690000,2017-01-03
60.65690000,2017-01-04
60.65690000,2017-01-05
60.65690000,2017-01-06
60.65690000,2017-01-07
60.65690000,2017-01-08
60.65690000,2017-01-09
59.89610000,2017-01-10
59.95330000,2017-01-11
60.16140000,2017-01-12
59.49780000,2017-01-13
59.37000000,2017-01-14
59.37000000,2017-01-15
59.37000000,2017-01-16
59.60670000,2017-01-17
59.40150000,2017-01-18
59.18300000,2017-01-19
59.35210000,2017-01-20
59.66970000,2017-01-21
59.66970000,2017-01-22
59.66970000,2017-01-23
59.50340000,2017-01-24
59.21680000,2017-01-25
59.14890000,2017-01-26
59.63560000,2017-01-27
60.31960000,2017-01-28
60.31960000,2017-01-29
60.31960000,2017-01-30
60.16180000,2017-01-31
60.08510000,2017-02-01
60.30990000,2017-02-02
59.98580000,2017-02-03
59.31370000,2017-02-04
59.31370000,2017-02-05
59.31370000,2017-02-06
58.71210000,2017-02-07
59.19330000,2017-02-08
59.51290000,2017-02-09
59.02350000,2017-02-10
58.84570000,2017-02-11
58.84570000,2017-02-12
58.84570000,2017-02-13
58.06190000,2017-02-14
57.73880000,2017-02-15
56.77190000,2017-02-16
57.15070000,2017-02-17
57.63420000,2017-02-18
57.63420000,2017-02-19
57.63420000,2017-02-20
58.09670000,2017-02-21
57.85900000,2017-02-22
57.47620000,2017-02-23
57.47620000,2017-02-24
57.47620000,2017-02-25
57.47620000,2017-02-26
57.47620000,2017-02-27
57.93710000,2017-02-28
57.96270000,2017-03-01
58.37760000,2017-03-02
58.40670000,2017-03-03
58.90990000,2017-03-04
58.90990000,2017-03-05
58.90990000,2017-03-06
58.33700000,2017-03-07
58.26300000,2017-03-08
58.26300000,2017-03-09
58.83180000,2017-03-10
59.21740000,2017-03-11
59.21740000,2017-03-12
59.21740000,2017-03-13
59.13270000,2017-03-14
58.95400000,2017-03-15
59.11280000,2017-03-16
58.24370000,2017-03-17
57.93440000,2017-03-18
57.93440000,2017-03-19
57.93440000,2017-03-20
57.28470000,2017-03-21
57.23230000,2017-03-22
57.63600000,2017-03-23
57.52280000,2017-03-24
57.42470000,2017-03-25
57.42470000,2017-03-26
57.42470000,2017-03-27
57.02330000,2017-03-28
56.93640000,2017-03-29
57.02410000,2017-03-30
56.37790000,2017-03-31
55.96060000,2017-04-01
55.96060000,2017-04-02
55.96060000,2017-04-03
56.13960000,2017-04-04
56.55530000,2017-04-05
55.89400000,2017-04-06
56.43690000,2017-04-07
56.92010000,2017-04-08
56.92010000,2017-04-09
56.92010000,2017-04-10
57.38960000,2017-04-11
56.95520000,2017-04-12
56.75560000,2017-04-13
56.60190000,2017-04-14
56.29450000,2017-04-15
56.29450000,2017-04-16
56.29450000,2017-04-17
56.25050000,2017-04-18
55.97930000,2017-04-19
56.17530000,2017-04-20
56.41650000,2017-04-21
56.23070000,2017-04-22
56.23070000,2017-04-23
56.23070000,2017-04-24
56.07940000,2017-04-25
55.84530000,2017-04-26
56.31310000,2017-04-27
56.97070000,2017-04-28
56.98380000,2017-04-29
56.98380000,2017-04-30
56.98380000,2017-05-01
56.98380000,2017-05-02
56.95180000,2017-05-03
57.09270000,2017-05-04
57.57140000,2017-05-05
58.53820000,2017-05-06
58.53820000,2017-05-07
58.53820000,2017-05-08
58.53820000,2017-05-09
58.53820000,2017-05-10
58.08240000,2017-05-11
57.11610000,2017-05-12
57.16400000,2017-05-13
57.16400000,2017-05-14
57.16400000,2017-05-15
56.52580000,2017-05-16
56.26030000,2017-05-17
56.73830000,2017-05-18
57.46830000,2017-05-19
57.16020000,2017-05-20
57.16020000,2017-05-21
57.16020000,2017-05-22
56.49880000,2017-05-23
56.55520000,2017-05-24
56.27430000,2017-05-25
56.07010000,2017-05-26
56.75600000,2017-05-27
56.75600000,2017-05-28
56.75600000,2017-05-29
56.71060000,2017-05-30
56.51680000,2017-05-31
56.68760000,2017-06-01
56.53730000,2017-06-02
56.68760000,2017-06-03
56.68760000,2017-06-04
56.68760000,2017-06-05
56.61520000,2017-06-06
56.67470000,2017-06-07
56.58780000,2017-06-08
56.98570000,2017-06-09
57.00200000,2017-06-10
57.00200000,2017-06-11
57.00200000,2017-06-12
57.00200000,2017-06-13
56.90960000,2017-06-14
57.03030000,2017-06-15
57.44370000,2017-06-16
57.74080000,2017-06-17
57.74080000,2017-06-18
57.74080000,2017-06-19
57.95850000,2017-06-20
58.57860000,2017-06-21
60.00000000,2017-06-22
60.14820000,2017-06-23
59.65640000,2017-06-24
59.65640000,2017-06-25
59.65640000,2017-06-26
59.00140000,2017-06-27
58.88430000,2017-06-28
59.54150000,2017-06-29
59.08550000,2017-06-30
59.38620000,2017-07-01
59.38620000,2017-07-02
59.38620000,2017-07-03
58.96950000,2017-07-04
59.22950000,2017-07-05
59.57870000,2017-07-06
60.24260000,2017-07-07
60.37920000,2017-07-08
60.37920000,2017-07-09
60.37920000,2017-07-10
60.30140000,2017-07-11
60.73970000,2017-07-12
60.62270000,2017-07-13
60.18360000,2017-07-14
59.88060000,2017-07-15
59.88060000,2017-07-16
59.88060000,2017-07-17
59.06570000,2017-07-18
59.37050000,2017-07-19
59.24180000,2017-07-20
59.08230000,2017-07-21
58.93250000,2017-07-22
58.93250000,2017-07-23
58.93250000,2017-07-24
59.65720000,2017-07-25
59.81850000,2017-07-26
59.91020000,2017-07-27
59.41020000,2017-07-28
59.54360000,2017-07-29
59.54360000,2017-07-30
59.54360000,2017-07-31
60.06330000,2017-08-01
59.84540000,2017-08-02
60.58190000,2017-08-03
60.75030000,2017-08-04
60.32810000,2017-08-05
60.32810000,2017-08-06
60.32810000,2017-08-07
60.06050000,2017-08-08
59.98860000,2017-08-09
59.96110000,2017-08-10
59.92980000,2017-08-11
60.18730000,2017-08-12
60.18730000,2017-08-13
60.18730000,2017-08-14
59.79900000,2017-08-15
59.92660000,2017-08-16
59.65210000,2017-08-17
59.24900000,2017-08-18
59.36120000,2017-08-19
59.36120000,2017-08-20
59.36120000,2017-08-21
59.14090000,2017-08-22
59.03960000,2017-08-23
59.13120000,2017-08-24
59.13970000,2017-08-25
59.14760000,2017-08-26
59.14760000,2017-08-27
59.14760000,2017-08-28
58.54690000,2017-08-29
58.53200000,2017-08-30
58.73060000,2017-08-31
58.54540000,2017-09-01
58.05570000,2017-09-02
58.05570000,2017-09-03
58.05570000,2017-09-04
57.78170000,2017-09-05
57.85030000,2017-09-06
57.33870000,2017-09-07
57.14110000,2017-09-08
56.99660000,2017-09-09
56.99660000,2017-09-10
56.99660000,2017-09-11
57.16940000,2017-09-12
57.26560000,2017-09-13
57.66790000,2017-09-14
57.77060000,2017-09-15
57.53360000,2017-09-16
57.53360000,2017-09-17
57.53360000,2017-09-18
57.62420000,2017-09-19
58.09930000,2017-09-20
58.12900000,2017-09-21
58.22420000,2017-09-22
57.65270000,2017-09-23
57.65270000,2017-09-24
57.65270000,2017-09-25
57.56600000,2017-09-26
57.51860000,2017-09-27
58.01020000,2017-09-28
58.42550000,2017-09-29
58.01690000,2017-09-30
58.01690000,2017-10-01
58.01690000,2017-10-02
57.81340000,2017-10-03
57.93750000,2017-10-04
57.78320000,2017-10-05
57.58110000,2017-10-06
57.76120000,2017-10-07
57.76120000,2017-10-08
57.76120000,2017-10-09
58.31510000,2017-10-10
58.07130000,2017-10-11
57.92100000,2017-10-12
57.68690000,2017-10-13
57.61960000,2017-10-14
57.61960000,2017-10-15
57.61960000,2017-10-16
57.08610000,2017-10-17
57.33920000,2017-10-18
57.27210000,2017-10-19
57.57060000,2017-10-20
57.51180000,2017-10-21
57.51180000,2017-10-22
57.51180000,2017-10-23
57.47060000,2017-10-24
57.58520000,2017-10-25
57.61400000,2017-10-26
57.76430000,2017-10-27
58.08330000,2017-10-28
58.08330000,2017-10-29
58.08330000,2017-10-30
57.87160000,2017-10-31
58.11790000,2017-11-01
58.15570000,2017-11-02
58.08690000,2017-11-03
58.42960000,2017-11-04
58.42960000,2017-11-05
58.42960000,2017-11-06
58.42960000,2017-11-07
58.45570000,2017-11-08
59.24800000,2017-11-09
59.25270000,2017-11-10
59.28080000,2017-11-11
59.28080000,2017-11-12
59.28080000,2017-11-13
59.18230000,2017-11-14
59.62070000,2017-11-15
60.24900000,2017-11-16
59.98980000,2017-11-17
59.63250000,2017-11-18
59.63250000,2017-11-19
59.63250000,2017-11-20
59.27460000,2017-11-21
59.46040000,2017-11-22
59.00610000,2017-11-23
58.46220000,2017-11-24
58.53180000,2017-11-25
58.53180000,2017-11-26
58.53180000,2017-11-27
58.27730000,2017-11-28
58.41250000,2017-11-29
58.33110000,2017-11-30
58.58140000,2017-12-01
58.51820000,2017-12-02
58.51820000,2017-12-03
58.51820000,2017-12-04
58.99110000,2017-12-05
58.69240000,2017-12-06
58.92810000,2017-12-07
59.29480000,2017-12-08
59.28110000,2017-12-09
59.28110000,2017-12-10
59.28110000,2017-12-11
59.23480000,2017-12-12
58.83700000,2017-12-13
59.14460000,2017-12-14
58.70820000,2017-12-15
58.89870000,2017-12-16
58.89870000,2017-12-17
58.89870000,2017-12-18
58.69400000,2017-12-19
58.61170000,2017-12-20
58.71700000,2017-12-21
58.55960000,2017-12-22
58.31520000,2017-12-23
58.31520000,2017-12-24
58.31520000,2017-12-25
58.19890000,2017-12-26
57.73430000,2017-12-27
57.45440000,2017-12-28
57.62910000,2017-12-29
57.60020000,2017-12-30
57.60020000,2017-12-31
57.60020000,2018-01-01
57.60020000,2018-01-02
57.60020000,2018-01-03
57.60020000,2018-01-04
57.60020000,2018-01-05
57.60020000,2018-01-06
57.60020000,2018-01-07
57.60020000,2018-01-08
57.60020000,2018-01-09
57.04630000,2018-01-10
56.87340000,2018-01-11
56.99570000,2018-01-12
56.60190000,2018-01-13
56.60190000,2018-01-14
56.60190000,2018-01-15
56.35690000,2018-01-16
56.38780000,2018-01-17
56.59250000,2018-01-18
56.75970000,2018-01-19
56.58920000,2018-01-20
56.58920000,2018-01-21
56.58920000,2018-01-22
56.62610000,2018-01-23
56.41150000,2018-01-24
56.38880000,2018-01-25
55.92880000,2018-01-26
55.82880000,2018-01-27
55.82880000,2018-01-28
55.82880000,2018-01-29
56.29080000,2018-01-30
56.29140000,2018-01-31
56.18400000,2018-02-01
56.26130000,2018-02-02
56.04080000,2018-02-03
56.04080000,2018-02-04
56.04080000,2018-02-05
56.62780000,2018-02-06
57.21960000,2018-02-07
56.95330000,2018-02-08
57.67360000,2018-02-09
58.17180000,2018-02-10
58.17180000,2018-02-11
58.17180000,2018-02-12
58.01710000,2018-02-13
57.77010000,2018-02-14
57.58990000,2018-02-15
56.59180000,2018-02-16
56.35540000,2018-02-17
56.35540000,2018-02-18
56.35540000,2018-02-19
56.34380000,2018-02-20
56.52010000,2018-02-21
56.65370000,2018-02-22
56.76080000,2018-02-23
56.76080000,2018-02-24
56.76080000,2018-02-25
56.76080000,2018-02-26
55.92080000,2018-02-27
55.67170000,2018-02-28
56.37420000,2018-03-01
56.43340000,2018-03-02
56.66160000,2018-03-03
56.66160000,2018-03-04
56.66160000,2018-03-05
57.10000000,2018-03-06
56.50410000,2018-03-07
56.80110000,2018-03-08
56.80110000,2018-03-09
56.80110000,2018-03-10
56.80110000,2018-03-11
56.80110000,2018-03-12
56.61220000,2018-03-13
56.93590000,2018-03-14
56.93720000,2018-03-15
57.01880000,2018-03-16
57.49420000,2018-03-17
57.49420000,2018-03-18
57.49420000,2018-03-19
57.55210000,2018-03-20
57.70330000,2018-03-21
57.49540000,2018-03-22
56.83910000,2018-03-23
57.10720000,2018-03-24
57.10720000,2018-03-25
57.10720000,2018-03-26
57.00390000,2018-03-27
57.17470000,2018-03-28
57.55980000,2018-03-29
57.76260000,2018-03-30
57.26490000,2018-03-31
57.26490000,2018-04-01
57.26490000,2018-04-02
57.28500000,2018-04-03
57.53750000,2018-04-04
57.76460000,2018-04-05
57.57960000,2018-04-06
57.83320000,2018-04-07
57.83320000,2018-04-08
57.83320000,2018-04-09
58.57140000,2018-04-10
62.36990000,2018-04-11
64.06260000,2018-04-12
62.06590000,2018-04-13
61.43110000,2018-04-14
61.43110000,2018-04-15
61.43110000,2018-04-16
62.27940000,2018-04-17
61.14540000,2018-04-18
61.55390000,2018-04-19
60.85830000,2018-04-20
61.32220000,2018-04-21
61.32220000,2018-04-22
61.32220000,2018-04-23
61.76550000,2018-04-24
61.66440000,2018-04-25
61.74940000,2018-04-26
62.60270000,2018-04-27
62.72600000,2018-04-28
61.99970000,2018-04-29
61.99970000,2018-04-30
61.99970000,2018-05-01
61.99970000,2018-05-02
61.99970000,2018-05-03
63.48600000,2018-05-04
63.20120000,2018-05-05
63.20120000,2018-05-06
63.20120000,2018-05-07
62.71480000,2018-05-08
63.00660000,2018-05-09
63.00660000,2018-05-10
62.52290000,2018-05-11
61.73540000,2018-05-12
61.73540000,2018-05-13
61.73540000,2018-05-14
61.76840000,2018-05-15
61.91640000,2018-05-16
62.30330000,2018-05-17
61.82150000,2018-05-18
61.94080000,2018-05-19
61.94080000,2018-05-20
61.94080000,2018-05-21
62.53270000,2018-05-22
61.26100000,2018-05-23
61.59450000,2018-05-24
61.40900000,2018-05-25
61.66590000,2018-05-26
61.66590000,2018-05-27
61.66590000,2018-05-28
62.27100000,2018-05-29
62.64200000,2018-05-30
62.59370000,2018-05-31
62.01880000,2018-06-01
62.20560000,2018-06-02
62.20560000,2018-06-03
62.20560000,2018-06-04
61.92900000,2018-06-05
61.98220000,2018-06-06
62.00640000,2018-06-07
61.81250000,2018-06-08
62.66800000,2018-06-09
62.34310000,2018-06-10
62.34310000,2018-06-11
62.34310000,2018-06-12
62.34310000,2018-06-13
63.11640000,2018-06-14
62.25110000,2018-06-15
62.68510000,2018-06-16
62.68510000,2018-06-17
62.68510000,2018-06-18
63.48380000,2018-06-19
64.06830000,2018-06-20
63.61750000,2018-06-21
63.78730000,2018-06-22
63.23960000,2018-06-23
63.23960000,2018-06-24
63.23960000,2018-06-25
62.94970000,2018-06-26
62.79080000,2018-06-27
63.13590000,2018-06-28
63.29100000,2018-06-29
62.75650000,2018-06-30
62.75650000,2018-07-01
62.75650000,2018-07-02
63.13940000,2018-07-03
63.21940000,2018-07-04
63.22670000,2018-07-05
63.26040000,2018-07-06
63.12160000,2018-07-07
63.12160000,2018-07-08
63.12160000,2018-07-09
62.83380000,2018-07-10
62.44420000,2018-07-11
62.09800000,2018-07-12
62.20620000,2018-07-13
62.29340000,2018-07-14
62.29340000,2018-07-15
62.29340000,2018-07-16
62.25560000,2018-07-17
62.43520000,2018-07-18
62.90060000,2018-07-19
63.27460000,2018-07-20
63.48880000,2018-07-21
63.48880000,2018-07-22
63.48880000,2018-07-23
63.19570000,2018-07-24
62.92350000,2018-07-25
63.08360000,2018-07-26
62.94710000,2018-07-27
62.97260000,2018-07-28
62.97260000,2018-07-29
62.97260000,2018-07-30
62.78050000,2018-07-31
62.34970000,2018-08-01
62.55900000,2018-08-02
63.13580000,2018-08-03
63.45490000,2018-08-04
63.45490000,2018-08-05
63.45490000,2018-08-06
63.49750000,2018-08-07
63.54250000,2018-08-08
63.59500000,2018-08-09
66.28560000,2018-08-10
66.90750000,2018-08-11
66.90750000,2018-08-12
66.90750000,2018-08-13
68.22340000,2018-08-14
66.75350000,2018-08-15
66.37720000,2018-08-16
66.89320000,2018-08-17
66.87570000,2018-08-18
66.87570000,2018-08-19
66.87570000,2018-08-20
67.18070000,2018-08-21
67.17830000,2018-08-22
67.61630000,2018-08-23
68.52590000,2018-08-24
67.79110000,2018-08-25
67.79110000,2018-08-26
67.79110000,2018-08-27
67.39630000,2018-08-28
67.39110000,2018-08-29
68.14510000,2018-08-30
68.08210000,2018-08-31
68.04470000,2018-09-01
68.04470000,2018-09-02
68.04470000,2018-09-03
67.74430000,2018-09-04
68.27370000,2018-09-05
68.46280000,2018-09-06
68.25050000,2018-09-07
69.02860000,2018-09-08
69.02860000,2018-09-09
69.02860000,2018-09-10
69.86850000,2018-09-11
69.97440000,2018-09-12
69.57280000,2018-09-13
68.63700000,2018-09-14
68.28260000,2018-09-15
68.28260000,2018-09-16
68.28260000,2018-09-17
68.19580000,2018-09-18
67.75190000,2018-09-19
67.00980000,2018-09-20
66.47250000,2018-09-21
66.24970000,2018-09-22
66.24970000,2018-09-23
66.24970000,2018-09-24
66.15940000,2018-09-25
65.82440000,2018-09-26
65.75850000,2018-09-27
65.83550000,2018-09-28
65.59060000,2018-09-29
65.59060000,2018-09-30
65.59060000,2018-10-01
65.57450000,2018-10-02
65.22210000,2018-10-03
65.42440000,2018-10-04
66.21150000,2018-10-05
66.62700000,2018-10-06
66.62700000,2018-10-07
66.62700000,2018-10-08
66.96850000,2018-10-09
66.40320000,2018-10-10
66.18320000,2018-10-11
66.77270000,2018-10-12
65.97510000,2018-10-13
65.97510000,2018-10-14
65.97510000,2018-10-15
65.75080000,2018-10-16
65.53050000,2018-10-17
65.40260000,2018-10-18
65.72380000,2018-10-19
65.81400000,2018-10-20
65.81400000,2018-10-21
65.81400000,2018-10-22
65.30650000,2018-10-23
65.31010000,2018-10-24
65.62990000,2018-10-25
65.74760000,2018-10-26
65.63450000,2018-10-27
65.63450000,2018-10-28
65.63450000,2018-10-29
65.81290000,2018-10-30
65.77420000,2018-10-31
65.59620000,2018-11-01
65.65170000,2018-11-02
65.57990000,2018-11-03
65.57990000,2018-11-04
65.57990000,2018-11-05
65.57990000,2018-11-06
65.99120000,2018-11-07
66.09180000,2018-11-08
66.21550000,2018-11-09
66.84970000,2018-11-10
66.84970000,2018-11-11
66.84970000,2018-11-12
67.52380000,2018-11-13
67.68120000,2018-11-14
67.99750000,2018-11-15
66.61590000,2018-11-16
65.99310000,2018-11-17
65.99310000,2018-11-18
65.99310000,2018-11-19
66.00810000,2018-11-20
65.58710000,2018-11-21
65.94850000,2018-11-22
65.60670000,2018-11-23
65.66640000,2018-11-24
65.66640000,2018-11-25
65.66640000,2018-11-26
66.50720000,2018-11-27
66.78000000,2018-11-28
66.94360000,2018-11-29
66.63420000,2018-11-30
66.53350000,2018-12-01
66.53350000,2018-12-02
66.53350000,2018-12-03
66.29210000,2018-12-04
66.44670000,2018-12-05
66.82420000,2018-12-06
66.73770000,2018-12-07
66.92270000,2018-12-08
66.92270000,2018-12-09
66.92270000,2018-12-10
66.24160000,2018-12-11
66.50220000,2018-12-12
66.42250000,2018-12-13
66.25500000,2018-12-14
66.43370000,2018-12-15
66.43370000,2018-12-16
66.43370000,2018-12-17
66.62080000,2018-12-18
66.74540000,2018-12-19
67.11210000,2018-12-20
67.37100000,2018-12-21
68.00850000,2018-12-22
68.00850000,2018-12-23
68.00850000,2018-12-24
68.40730000,2018-12-25
68.74480000,2018-12-26
68.88650000,2018-12-27
68.87620000,2018-12-28
69.52180000,2018-12-29
69.47060000,2018-12-30
69.47060000,2018-12-31
69.47060000,2019-01-01
69.47060000,2019-01-02
69.47060000,2019-01-03
69.47060000,2019-01-04
69.47060000,2019-01-05
69.47060000,2019-01-06
69.47060000,2019-01-07
69.47060000,2019-01-08
69.47060000,2019-01-09
67.07950000,2019-01-10
66.86050000,2019-01-11
66.91670000,2019-01-12
66.91670000,2019-01-13
66.91670000,2019-01-14
67.19200000,2019-01-15
67.08200000,2019-01-16
66.76170000,2019-01-17
66.44380000,2019-01-18
66.33090000,2019-01-19
66.33090000,2019-01-20
66.33090000,2019-01-21
66.36340000,2019-01-22
66.54990000,2019-01-23
66.33180000,2019-01-24
66.00160000,2019-01-25
65.91700000,2019-01-26
65.91700000,2019-01-27
65.91700000,2019-01-28
65.93000000,2019-01-29
66.34120000,2019-01-30
66.09870000,2019-01-31
65.35770000,2019-02-01
65.66010000,2019-02-02
65.66010000,2019-02-03
65.66010000,2019-02-04
65.58590000,2019-02-05
65.56910000,2019-02-06
65.66860000,2019-02-07
66.01990000,2019-02-08
66.06280000,2019-02-09
66.06280000,2019-02-10
66.06280000,2019-02-11
65.65170000,2019-02-12
65.71470000,2019-02-13
65.67830000,2019-02-14
66.54290000,2019-02-15
66.70440000,2019-02-16
66.70440000,2019-02-17
66.70440000,2019-02-18
66.24700000,2019-02-19
66.20220000,2019-02-20
65.85680000,2019-02-21
65.54010000,2019-02-22
65.51490000,2019-02-23
65.51490000,2019-02-24
65.51490000,2019-02-25
65.25820000,2019-02-26
65.61820000,2019-02-27
65.75700000,2019-02-28
65.88950000,2019-03-01
65.81450000,2019-03-02
65.81450000,2019-03-03
65.81450000,2019-03-04
65.79560000,2019-03-05
65.80040000,2019-03-06
65.84300000,2019-03-07
65.96460000,2019-03-08
65.96460000,2019-03-09
65.96460000,2019-03-10
65.96460000,2019-03-11
66.07630000,2019-03-12
65.76740000,2019-03-13
65.58900000,2019-03-14
65.40210000,2019-03-15
65.42010000,2019-03-16
65.42010000,2019-03-17
65.42010000,2019-03-18
64.66940000,2019-03-19
64.31670000,2019-03-20
64.28030000,2019-03-21
63.74200000,2019-03-22
63.77050000,2019-03-23
63.77050000,2019-03-24
63.77050000,2019-03-25
64.49930000,2019-03-26
64.16830000,2019-03-27
64.59250000,2019-03-28
64.80120000,2019-03-29
64.73470000,2019-03-30
64.73470000,2019-03-31
64.73470000,2019-04-01
65.41760000,2019-04-02
65.47260000,2019-04-03
65.16390000,2019-04-04
65.32810000,2019-04-05
65.40720000,2019-04-06
65.40720000,2019-04-07
65.40720000,2019-04-08
65.34980000,2019-04-09
64.77660000,2019-04-10
64.73730000,2019-04-11
64.39910000,2019-04-12
64.51710000,2019-04-13
64.51710000,2019-04-14
64.51710000,2019-04-15
64.24690000,2019-04-16
64.24220000,2019-04-17
63.94500000,2019-04-18
64.06880000,2019-04-19
63.96020000,2019-04-20
63.96020000,2019-04-21
63.96020000,2019-04-22
63.78600000,2019-04-23
63.79060000,2019-04-24
63.97980000,2019-04-25
64.67940000,2019-04-26
64.70530000,2019-04-27
64.70530000,2019-04-28
64.70530000,2019-04-29
64.69170000,2019-04-30
64.63140000,2019-05-01
64.63140000,2019-05-02
64.63140000,2019-05-03
64.63140000,2019-05-04
64.63140000,2019-05-05
64.63140000,2019-05-06
65.33500000,2019-05-07
65.21660000,2019-05-08
65.22870000,2019-05-09
65.22870000,2019-05-10
65.22870000,2019-05-11
65.22870000,2019-05-12
65.22870000,2019-05-13
65.47030000,2019-05-14
65.30010000,2019-05-15
64.84890000,2019-05-16
64.55980000,2019-05-17
64.63270000,2019-05-18
64.63270000,2019-05-19
64.63270000,2019-05-20
64.48880000,2019-05-21
64.53720000,2019-05-22
64.41560000,2019-05-23
64.49130000,2019-05-24
64.61060000,2019-05-25
64.61060000,2019-05-26
64.61060000,2019-05-27
64.46360000,2019-05-28
64.53940000,2019-05-29
64.90840000,2019-05-30
65.05830000,2019-05-31
65.38340000,2019-06-01
65.38340000,2019-06-02
65.38340000,2019-06-03
65.55470000,2019-06-04
65.16140000,2019-06-05
65.12430000,2019-06-06
65.23400000,2019-06-07
65.03950000,2019-06-08
65.03950000,2019-06-09
65.03950000,2019-06-10
64.79190000,2019-06-11
64.51580000,2019-06-12
64.51580000,2019-06-13
64.63140000,2019-06-14
64.43260000,2019-06-15
64.43260000,2019-06-16
64.43260000,2019-06-17
64.31870000,2019-06-18
64.33520000,2019-06-19
63.97940000,2019-06-20
63.38770000,2019-06-21
63.12950000,2019-06-22
63.12950000,2019-06-23
63.12950000,2019-06-24
62.90950000,2019-06-25
62.52290000,2019-06-26
62.80830000,2019-06-27
63.04520000,2019-06-28
63.07560000,2019-06-29
63.07560000,2019-06-30
63.07560000,2019-07-01
63.05410000,2019-07-02
63.22650000,2019-07-03
63.49510000,2019-07-04
63.40130000,2019-07-05
63.58410000,2019-07-06
63.58410000,2019-07-07
63.58410000,2019-07-08
63.86990000,2019-07-09
63.76600000,2019-07-10
63.79880000,2019-07-11
62.99440000,2019-07-12
63.02040000,2019-07-13
63.02040000,2019-07-14
63.02040000,2019-07-15
62.82800000,2019-07-16
62.81290000,2019-07-17
62.94510000,2019-07-18
62.82860000,2019-07-19
62.86660000,2019-07-20
62.86660000,2019-07-21
62.86660000,2019-07-22
62.97760000,2019-07-23
63.12900000,2019-07-24
63.11620000,2019-07-25
63.15720000,2019-07-26
63.12710000,2019-07-27
63.12710000,2019-07-28
63.12710000,2019-07-29
63.52100000,2019-07-30
63.37910000,2019-07-31
63.41720000,2019-08-01
63.83400000,2019-08-02
64.64230000,2019-08-03
64.64230000,2019-08-04
64.64230000,2019-08-05
65.05460000,2019-08-06
65.20300000,2019-08-07
65.09320000,2019-08-08
65.12990000,2019-08-09
65.25430000,2019-08-10
65.25430000,2019-08-11
65.25430000,2019-08-12
65.42870000,2019-08-13
65.60170000,2019-08-14
65.20320000,2019-08-15
65.89070000,2019-08-16
65.99610000,2019-08-17
65.99610000,2019-08-18
65.99610000,2019-08-19
66.60820000,2019-08-20
66.78400000,2019-08-21
66.26300000,2019-08-22
65.61960000,2019-08-23
65.60460000,2019-08-24
65.60460000,2019-08-25
65.60460000,2019-08-26
65.97350000,2019-08-27
66.26080000,2019-08-28
66.41270000,2019-08-29
66.74710000,2019-08-30
66.48970000,2019-08-31
66.48970000,2019-09-01
66.48970000,2019-09-02
66.62350000,2019-09-03
66.90720000,2019-09-04
66.50020000,2019-09-05
66.05280000,2019-09-06
65.99810000,2019-09-07
65.99810000,2019-09-08
65.99810000,2019-09-09
65.56980000,2019-09-10
65.43930000,2019-09-11
65.43210000,2019-09-12
65.19090000,2019-09-13
64.47110000,2019-09-14
64.47110000,2019-09-15
64.47110000,2019-09-16
63.82720000,2019-09-17
64.12130000,2019-09-18
64.42900000,2019-09-19
64.21990000,2019-09-20
63.84870000,2019-09-21
63.84870000,2019-09-22
63.84870000,2019-09-23
63.94530000,2019-09-24
63.70600000,2019-09-25
64.18730000,2019-09-26
64.28880000,2019-09-27
64.41560000,2019-09-28
64.41560000,2019-09-29
64.41560000,2019-09-30
64.64070000,2019-10-01
65.06700000,2019-10-02
65.43990000,2019-10-03
65.13120000,2019-10-04
65.03000000,2019-10-05
65.03000000,2019-10-06
65.03000000,2019-10-07
64.82590000,2019-10-08
64.86720000,2019-10-09
65.09760000,2019-10-10
64.74160000,2019-10-11
64.22370000,2019-10-12
64.22370000,2019-10-13
64.22370000,2019-10-14
64.36520000,2019-10-15
64.25480000,2019-10-16
64.34550000,2019-10-17
64.01440000,2019-10-18
63.95420000,2019-10-19
63.95420000,2019-10-20
63.95420000,2019-10-21
63.76060000,2019-10-22
63.63360000,2019-10-23
63.79970000,2019-10-24
63.86000000,2019-10-25
63.99660000,2019-10-26
63.99660000,2019-10-27
63.99660000,2019-10-28
63.87000000,2019-10-29
63.83200000,2019-10-30
63.87340000,2019-10-31
63.77480000,2019-11-01
64.03160000,2019-11-02
64.03160000,2019-11-03
64.03160000,2019-11-04
64.03160000,2019-11-05
63.24800000,2019-11-06
63.58800000,2019-11-07
63.72980000,2019-11-08
63.72950000,2019-11-09
63.72950000,2019-11-10
63.72950000,2019-11-11
63.91210000,2019-11-12
63.85300000,2019-11-13
64.20090000,2019-11-14
64.21010000,2019-11-15
63.88810000,2019-11-16
63.88810000,2019-11-17
63.88810000,2019-11-18
63.75420000,2019-11-19
63.77300000,2019-11-20
64.02130000,2019-11-21
63.84300000,2019-11-22
63.71010000,2019-11-23
63.71010000,2019-11-24
63.71010000,2019-11-25
63.76370000,2019-11-26
64.02390000,2019-11-27
63.97220000,2019-11-28
64.10050000,2019-11-29
64.08170000,2019-11-30
64.08170000,2019-12-01
64.08170000,2019-12-02
64.40970000,2019-12-03
64.14010000,2019-12-04
64.19480000,2019-12-05
63.81350000,2019-12-06
63.71850000,2019-12-07
63.71850000,2019-12-08
63.71850000,2019-12-09
63.72440000,2019-12-10
63.57880000,2019-12-11
63.56530000,2019-12-12
63.22570000,2019-12-13
62.55440000,2019-12-14
62.55440000,2019-12-15
62.55440000,2019-12-16
62.76860000,2019-12-17
62.53260000,2019-12-18
62.58310000,2019-12-19
62.52830000,2019-12-20
62.40710000,2019-12-21
62.40710000,2019-12-22
62.40710000,2019-12-23
62.24990000,2019-12-24
62.16730000,2019-12-25
61.71640000,2019-12-26
61.76760000,2019-12-27
62.03150000,2019-12-28
62.03150000,2019-12-29
62.03150000,2019-12-30
61.90570000,2019-12-31
61.90570000,2020-01-01
61.90570000,2020-01-02
61.90570000,2020-01-03
61.90570000,2020-01-04
61.90570000,2020-01-05
61.90570000,2020-01-06
61.90570000,2020-01-07
61.90570000,2020-01-08
61.90570000,2020-01-09
61.23400000,2020-01-10
61.26320000,2020-01-11
61.26320000,2020-01-12
61.26320000,2020-01-13
60.94740000,2020-01-14
61.41400000,2020-01-15
61.43280000,2020-01-16
61.56940000,2020-01-17
61.53330000,2020-01-18
61.53330000,2020-01-19
61.53330000,2020-01-20
61.46540000,2020-01-21
61.85520000,2020-01-22
61.83430000,2020-01-23
61.95150000,2020-01-24
61.80310000,2020-01-25
61.80310000,2020-01-26
61.80310000,2020-01-27
62.33800000,2020-01-28
62.82990000,2020-01-29
62.39340000,2020-01-30
63.03590000,2020-01-31
63.13850000,2020-02-01
63.13850000,2020-02-02
63.13850000,2020-02-03
63.90910000,2020-02-04
63.43420000,2020-02-05
63.17420000,2020-02-06
62.79770000,2020-02-07
63.47200000,2020-02-08
63.47200000,2020-02-09
63.47200000,2020-02-10
63.77080000,2020-02-11
63.94900000,2020-02-12
63.04700000,2020-02-13
63.60160000,2020-02-14
63.45360000,2020-02-15
63.45360000,2020-02-16
63.45360000,2020-02-17
63.30850000,2020-02-18
63.76980000,2020-02-19
63.68730000,2020-02-20
63.74130000,2020-02-21
64.30080000,2020-02-22
64.30080000,2020-02-23
64.30080000,2020-02-24
64.30080000,2020-02-25
64.92130000,2020-02-26
65.51770000,2020-02-27
65.60970000,2020-02-28
66.99090000,2020-02-29
66.99090000,2020-03-01
66.99090000,2020-03-02
66.32740000,2020-03-03
66.44370000,2020-03-04
66.07840000,2020-03-05
66.18540000,2020-03-06
67.51750000,2020-03-07
67.51750000,2020-03-08
67.51750000,2020-03-09
67.51750000,2020-03-10
72.02080000,2020-03-11
71.47200000,2020-03-12
74.02740000,2020-03-13
73.18820000,2020-03-14
73.18820000,2020-03-15
73.18820000,2020-03-16
74.12620000,2020-03-17
73.88960000,2020-03-18
77.21310000,2020-03-19
80.15700000,2020-03-20
78.04430000,2020-03-21
78.04430000,2020-03-22
78.04430000,2020-03-23
80.88150000,2020-03-24
78.84930000,2020-03-25
77.79280000,2020-03-26
78.72230000,2020-03-27
77.73250000,2020-03-28
77.73250000,2020-03-29
77.73250000,2020-03-30
77.73250000,2020-03-31
77.73250000,2020-04-01
77.73250000,2020-04-02
77.73250000,2020-04-03
77.73250000,2020-04-04
77.73250000,2020-04-05
77.73250000,2020-04-06
76.40740000,2020-04-07
75.45500000,2020-04-08
75.74990000,2020-04-09
74.60500000,2020-04-10
73.75150000,2020-04-11
73.75150000,2020-04-12
73.75150000,2020-04-13
73.52450000,2020-04-14
73.31500000,2020-04-15
73.71450000,2020-04-16
74.71190000,2020-04-17
73.94410000,2020-04-18
73.94410000,2020-04-19
73.94410000,2020-04-20
74.66570000,2020-04-21
76.25620000,2020-04-22
77.04160000,2020-04-23
75.12900000,2020-04-24
74.71630000,2020-04-25
74.71630000,2020-04-26
74.71630000,2020-04-27
74.49600000,2020-04-28
74.57060000,2020-04-29
73.68940000,2020-04-30
72.72630000,2020-05-01
72.72630000,2020-05-02
72.72630000,2020-05-03
72.72630000,2020-05-04
72.72630000,2020-05-05
72.72630000,2020-05-06
73.97190000,2020-05-07
74.11690000,2020-05-08
73.87250000,2020-05-09
73.87250000,2020-05-10
73.87250000,2020-05-11
73.87250000,2020-05-12
73.43260000,2020-05-13
73.58190000,2020-05-14
73.92980000,2020-05-15
73.20560000,2020-05-16
73.20560000,2020-05-17
73.20560000,2020-05-18
72.97980000,2020-05-19
72.39180000,2020-05-20
72.33810000,2020-05-21
70.92400000,2020-05-22
71.88040000,2020-05-23
71.88040000,2020-05-24
71.88040000,2020-05-25
71.59620000,2020-05-26
71.14080000,2020-05-27
71.06350000,2020-05-28
71.10120000,2020-05-29
70.75200000,2020-05-30
70.75200000,2020-05-31
70.75200000,2020-06-01
69.71140000,2020-06-02
68.98310000,2020-06-03
68.34130000,2020-06-04
69.01510000,2020-06-05
68.63190000,2020-06-06
68.63190000,2020-06-07
68.63190000,2020-06-08
68.31230000,2020-06-09
68.67450000,2020-06-10
68.61830000,2020-06-11
69.12190000,2020-06-12
69.12190000,2020-06-13
69.12190000,2020-06-14
69.12190000,2020-06-15
70.39500000,2020-06-16
69.75240000,2020-06-17
69.48220000,2020-06-18
69.61800000,2020-06-19
69.57250000,2020-06-20
69.57250000,2020-06-21
69.57250000,2020-06-22
69.48350000,2020-06-23
68.83760000,2020-06-24
68.83760000,2020-06-25
69.46600000,2020-06-26
69.12840000,2020-06-27
69.12840000,2020-06-28
69.12840000,2020-06-29
69.95130000,2020-06-30
70.44130000,2020-07-01
70.44130000,2020-07-02
70.51980000,2020-07-03
70.49990000,2020-07-04
70.49990000,2020-07-05
70.49990000,2020-07-06
71.34090000,2020-07-07
72.17190000,2020-07-08
71.23790000,2020-07-09
70.88000000,2020-07-10
71.22980000,2020-07-11
71.22980000,2020-07-12
71.22980000,2020-07-13
70.74790000,2020-07-14
71.12750000,2020-07-15
70.79980000,2020-07-16
71.23100000,2020-07-17
71.71390000,2020-07-18
71.71390000,2020-07-19
71.71390000,2020-07-20
71.96280000,2020-07-21
70.96680000,2020-07-22
70.78810000,2020-07-23
70.96300000,2020-07-24
71.59740000,2020-07-25
71.59740000,2020-07-26
71.59740000,2020-07-27
71.58500000,2020-07-28
71.91960000,2020-07-29
72.23480000,2020-07-30
73.36330000,2020-07-31
73.42610000,2020-08-01
73.42610000,2020-08-02
73.42610000,2020-08-03
74.15860000,2020-08-04
73.38060000,2020-08-05
73.28060000,2020-08-06
73.03970000,2020-08-07
73.63760000,2020-08-08
73.63760000,2020-08-09
73.63760000,2020-08-10
73.77500000,2020-08-11
73.15220000,2020-08-12
73.23510000,2020-08-13
73.60670000,2020-08-14
73.21570000,2020-08-15
73.21570000,2020-08-16
73.21570000,2020-08-17
72.96760000,2020-08-18
73.43210000,2020-08-19
73.23920000,2020-08-20
73.77110000,2020-08-21
74.09990000,2020-08-22
74.09990000,2020-08-23
74.09990000,2020-08-24
74.41840000,2020-08-25
74.51260000,2020-08-26
75.53790000,2020-08-27
75.23540000,2020-08-28
74.63820000,2020-08-29
74.63820000,2020-08-30
74.63820000,2020-08-31
73.80390000,2020-09-01
73.58490000,2020-09-02
73.85880000,2020-09-03
75.46800000,2020-09-04
75.18230000,2020-09-05
75.18230000,2020-09-06
75.18230000,2020-09-07
75.59100000,2020-09-08
75.96450000,2020-09-09
76.07130000,2020-09-10
75.52740000,2020-09-11
74.88960000,2020-09-12
74.88960000,2020-09-13
74.88960000,2020-09-14
74.71480000,2020-09-15
75.18840000,2020-09-16
74.92780000,2020-09-17
75.19410000,2020-09-18
75.03190000,2020-09-19
75.03190000,2020-09-20
75.03190000,2020-09-21
76.03810000,2020-09-22
76.27110000,2020-09-23
76.35450000,2020-09-24
77.17800000,2020-09-25
76.81950000,2020-09-26
76.81950000,2020-09-27
76.81950000,2020-09-28
78.67130000,2020-09-29
79.68450000,2020-09-30
78.78470000,2020-10-01
77.27740000,2020-10-02
78.09150000,2020-10-03
78.09150000,2020-10-04
78.09150000,2020-10-05
78.12810000,2020-10-06
78.51190000,2020-10-07
78.09210000,2020-10-08
77.91570000,2020-10-09
77.02840000,2020-10-10
77.02840000,2020-10-11
77.02840000,2020-10-12
77.02390000,2020-10-13
77.28550000,2020-10-14
77.27590000,2020-10-15
77.94610000,2020-10-16
77.96440000,2020-10-17
77.96440000,2020-10-18
77.96440000,2020-10-19
77.92410000,2020-10-20
77.77800000,2020-10-21
77.03220000,2020-10-22
77.08090000,2020-10-23
76.46670000,2020-10-24
76.46670000,2020-10-25
76.46670000,2020-10-26
76.44430000,2020-10-27
76.45560000,2020-10-28
77.55200000,2020-10-29
78.86990000,2020-10-30
79.33230000,2020-10-31
79.33230000,2020-11-01
79.33230000,2020-11-02
80.57490000,2020-11-03
80.00060000,2020-11-04
80.00060000,2020-11-05
78.45590000,2020-11-06
77.18750000,2020-11-07
77.18750000,2020-11-08
77.18750000,2020-11-09
76.95150000,2020-11-10
76.39780000,2020-11-11
76.20750000,2020-11-12
77.11480000,2020-11-13
77.32620000,2020-11-14
77.32620000,2020-11-15
77.32620000,2020-11-16
76.91970000,2020-11-17
76.25300000,2020-11-18
75.92680000,2020-11-19
76.26270000,2020-11-20
76.01200000,2020-11-21
76.01200000,2020-11-22
76.01200000,2020-11-23
75.76000000,2020-11-24
75.81460000,2020-11-25
75.47270000,2020-11-26
75.45180000,2020-11-27
75.85990000,2020-11-28
75.85990000,2020-11-29
75.85990000,2020-11-30
76.19990000,2020-12-01
76.32030000,2020-12-02
75.61510000,2020-12-03
75.19960000,2020-12-04
74.25290000,2020-12-05
74.25290000,2020-12-06
74.25290000,2020-12-07
74.25060000,2020-12-08
73.66180000,2020-12-09
73.30570000,2020-12-10
73.71240000,2020-12-11
73.11950000,2020-12-12
73.11950000,2020-12-13
73.11950000,2020-12-14
72.92720000,2020-12-15
73.44530000,2020-12-16
73.42010000,2020-12-17
72.97810000,2020-12-18
73.31550000,2020-12-19
73.31550000,2020-12-20
73.31550000,2020-12-21
74.67210000,2020-12-22
75.34980000,2020-12-23
75.45710000,2020-12-24
74.83920000,2020-12-25
73.69210000,2020-12-26
73.69210000,2020-12-27
73.69210000,2020-12-28
73.71750000,2020-12-29
73.65670000,2020-12-30
73.87570000,2020-12-31
73.87570000,2021-01-01
73.87570000,2021-01-02
73.87570000,2021-01-03
73.87570000,2021-01-04
73.87570000,2021-01-05
73.87570000,2021-01-06
73.87570000,2021-01-07
73.87570000,2021-01-08
73.87570000,2021-01-09
73.87570000,2021-01-10
73.87570000,2021-01-11
74.51570000,2021-01-12
74.26630000,2021-01-13
73.52640000,2021-01-14
73.79610000,2021-01-15
73.54530000,2021-01-16
73.54530000,2021-01-17
73.54530000,2021-01-18
73.97350000,2021-01-19
73.72430000,2021-01-20
73.35500000,2021-01-21
73.36940000,2021-01-22
74.36150000,2021-01-23
74.36150000,2021-01-24
74.36150000,2021-01-25
74.85690000,2021-01-26
75.63540000,2021-01-27
75.04000000,2021-01-28
76.18540000,2021-01-29
76.25270000,2021-01-30
76.25270000,2021-01-31
76.25270000,2021-02-01
75.50530000,2021-02-02
75.90510000,2021-02-03
76.08010000,2021-02-04
75.72930000,2021-02-05
75.11070000,2021-02-06
75.11070000,2021-02-07
75.11070000,2021-02-08
74.26020000,2021-02-09
74.11920000,2021-02-10
73.85260000,2021-02-11
73.75790000,2021-02-12
73.93780000,2021-02-13
73.93780000,2021-02-14
73.93780000,2021-02-15
73.30920000,2021-02-16
73.28950000,2021-02-17
73.76690000,2021-02-18
73.77550000,2021-02-19
73.97170000,2021-02-20
73.98330000,2021-02-21
73.98330000,2021-02-22
73.98330000,2021-02-23
73.98330000,2021-02-24
73.75320000,2021-02-25
73.47470000,2021-02-26
74.43730000,2021-02-27
74.43730000,2021-02-28
74.43730000,2021-03-01
74.04480000,2021-03-02
74.57550000,2021-03-03
73.51870000,2021-03-04
73.78640000,2021-03-05
74.42750000,2021-03-06
74.42750000,2021-03-07
74.42750000,2021-03-08
74.42750000,2021-03-09
74.26400000,2021-03-10
74.03930000,2021-03-11
73.49960000,2021-03-12
73.50810000,2021-03-13
73.50810000,2021-03-14
73.50810000,2021-03-15
73.23170000,2021-03-16
72.96190000,2021-03-17
73.10190000,2021-03-18
73.65820000,2021-03-19
74.13900000,2021-03-20
74.13900000,2021-03-21
74.13900000,2021-03-22
74.60850000,2021-03-23
75.35850000,2021-03-24
76.15350000,2021-03-25
76.17410000,2021-03-26
75.75760000,2021-03-27
75.75760000,2021-03-28
75.75760000,2021-03-29
75.82870000,2021-03-30
75.70230000,2021-03-31
75.63730000,2021-04-01
75.80730000,2021-04-02
76.07340000,2021-04-03
76.07340000,2021-04-04
76.07340000,2021-04-05
76.60520000,2021-04-06
76.38020000,2021-04-07
77.77300000,2021-04-08
77.10110000,2021-04-09
77.16570000,2021-04-10
77.16570000,2021-04-11
77.16570000,2021-04-12
77.51040000,2021-04-13
77.25350000,2021-04-14
75.68260000,2021-04-15
76.98080000,2021-04-16
75.55350000,2021-04-17
75.55350000,2021-04-18
75.55350000,2021-04-19
76.24910000,2021-04-20
76.01550000,2021-04-21
76.81980000,2021-04-22
76.42170000,2021-04-23
75.08930000,2021-04-24
75.08930000,2021-04-25
75.08930000,2021-04-26
74.76800000,2021-04-27
74.95780000,2021-04-28
74.93900000,2021-04-29
74.38230000,2021-04-30
74.84510000,2021-05-01
74.84510000,2021-05-02
74.84510000,2021-05-03
74.84510000,2021-05-04
75.25670000,2021-05-05
74.86170000,2021-05-06
74.57700000,2021-05-07
74.13730000,2021-05-08
74.13730000,2021-05-09
74.13730000,2021-05-10
74.13730000,2021-05-11
74.15670000,2021-05-12
74.04000000,2021-05-13
74.35660000,2021-05-14
73.99680000,2021-05-15
73.99680000,2021-05-16
73.99680000,2021-05-17
73.85370000,2021-05-18
73.69920000,2021-05-19
73.67780000,2021-05-20
73.60070000,2021-05-21
73.58030000,2021-05-22
73.58030000,2021-05-23
73.58030000,2021-05-24
73.52660000,2021-05-25
73.39630000,2021-05-26
73.47370000,2021-05-27
73.45800000,2021-05-28
73.58700000,2021-05-29
73.58700000,2021-05-30
73.58700000,2021-05-31
73.29650000,2021-06-01
73.24110000,2021-06-02
73.49790000,2021-06-03
73.26360000,2021-06-04
73.27210000,2021-06-05
73.27210000,2021-06-06
73.27210000,2021-06-07
72.92940000,2021-06-08
72.82560000,2021-06-09
72.08290000,2021-06-10
72.19740000,2021-06-11
71.67970000,2021-06-12
71.67970000,2021-06-13
71.67970000,2021-06-14
71.67970000,2021-06-15
71.83180000,2021-06-16
72.03230000,2021-06-17
72.50480000,2021-06-18
72.22160000,2021-06-19
72.22160000,2021-06-20
72.22160000,2021-06-21
73.19870000,2021-06-22
73.16610000,2021-06-23
72.66710000,2021-06-24
72.32600000,2021-06-25
72.16940000,2021-06-26
72.16940000,2021-06-27
72.16940000,2021-06-28
72.17770000,2021-06-29
72.37230000,2021-06-30
72.72340000,2021-07-01
72.90860000,2021-07-02
73.61750000,2021-07-03
73.61750000,2021-07-04
73.61750000,2021-07-05
73.35400000,2021-07-06
73.26600000,2021-07-07
74.05800000,2021-07-08
75.19520000,2021-07-09
74.46750000,2021-07-10
74.46750000,2021-07-11
74.46750000,2021-07-12
74.63360000,2021-07-13
74.05890000,2021-07-14
74.12360000,2021-07-15
74.21970000,2021-07-16
74.16560000,2021-07-17
74.16560000,2021-07-18
74.16560000,2021-07-19
74.34630000,2021-07-20
74.49100000,2021-07-21
74.49470000,2021-07-22
73.69450000,2021-07-23
73.76630000,2021-07-24
73.76630000,2021-07-25
73.76630000,2021-07-26
74.09800000,2021-07-27
73.84710000,2021-07-28
73.60880000,2021-07-29
73.19040000,2021-07-30
73.13880000,2021-07-31
73.13880000,2021-08-01
73.13880000,2021-08-02
73.01560000,2021-08-03
72.87240000,2021-08-04
72.78570000,2021-08-05
73.16800000,2021-08-06
73.13040000,2021-08-07
73.13040000,2021-08-08
73.13040000,2021-08-09
73.50780000,2021-08-10
73.59620000,2021-08-11
73.96950000,2021-08-12
73.56710000,2021-08-13
73.47210000,2021-08-14
73.47210000,2021-08-15
73.47210000,2021-08-16
73.39200000,2021-08-17
73.47530000,2021-08-18
73.46330000,2021-08-19
74.15030000,2021-08-20
74.36400000,2021-08-21
74.36400000,2021-08-22
74.36400000,2021-08-23
74.06660000,2021-08-24
73.94650000,2021-08-25
73.74280000,2021-08-26
73.99080000,2021-08-27
73.98660000,2021-08-28
73.98660000,2021-08-29
73.98660000,2021-08-30
73.57440000,2021-08-31
73.27810000,2021-09-01
73.19120000,2021-09-02
72.84910000,2021-09-03
72.85450000,2021-09-04
72.85450000,2021-09-05
72.85450000,2021-09-06
72.95380000,2021-09-07
73.19090000,2021-09-08
73.44210000,2021-09-09
73.12900000,2021-09-10
72.76000000,2021-09-11
72.76000000,2021-09-12
72.76000000,2021-09-13
73.08410000,2021-09-14
72.71710000,2021-09-15
72.85200000,2021-09-16
72.43290000,2021-09-17
72.56020000,2021-09-18
72.56020000,2021-09-19
72.56020000,2021-09-20
73.33150000,2021-09-21
73.20670000,2021-09-22
72.88060000,2021-09-23
72.72450000,2021-09-24
73.00810000,2021-09-25
73.00810000,2021-09-26
73.00810000,2021-09-27
72.66130000,2021-09-28
72.50830000,2021-09-29
72.76080000,2021-09-30
72.66420000,2021-10-01
72.92150000,2021-10-02
72.92150000,2021-10-03
72.92150000,2021-10-04
72.92390000,2021-10-05
72.56860000,2021-10-06
72.56820000,2021-10-07
72.28540000,2021-10-08
71.98820000,2021-10-09
71.98820000,2021-10-10
71.98820000,2021-10-11
71.63730000,2021-10-12
71.88010000,2021-10-13
71.85770000,2021-10-14
71.78460000,2021-10-15
71.23710000,2021-10-16
71.23710000,2021-10-17
71.23710000,2021-10-18
71.17140000,2021-10-19
70.96740000,2021-10-20
71.05550000,2021-10-21
70.99040000,2021-10-22
70.86230000,2021-10-23
70.86230000,2021-10-24
70.86230000,2021-10-25
70.13450000,2021-10-26
69.55260000,2021-10-27
69.81040000,2021-10-28
70.52070000,2021-10-29
70.52000000,2021-10-30
70.52000000,2021-10-31
70.52000000,2021-11-01
71.08630000,2021-11-02
71.47830000,2021-11-03
71.48760000,2021-11-04
71.48760000,2021-11-05
71.48760000,2021-11-06
71.48760000,2021-11-07
71.48760000,2021-11-08
71.39750000,2021-11-09
71.28660000,2021-11-10
70.69500000,2021-11-11
71.19640000,2021-11-12
71.81180000,2021-11-13
71.81180000,2021-11-14
71.81180000,2021-11-15
72.27240000,2021-11-16
72.55530000,2021-11-17
72.82280000,2021-11-18
72.60220000,2021-11-19
72.76170000,2021-11-20
72.76170000,2021-11-21
72.76170000,2021-11-22
73.45060000,2021-11-23
74.83270000,2021-11-24
74.37260000,2021-11-25
74.60040000,2021-11-26
75.58730000,2021-11-27
75.58730000,2021-11-28
75.58730000,2021-11-29
74.98180000,2021-11-30
74.89260000,2021-12-01
73.97460000,2021-12-02
74.06370000,2021-12-03
73.74260000,2021-12-04
73.74260000,2021-12-05
73.74260000,2021-12-06
73.66940000,2021-12-07
74.13990000,2021-12-08
73.84530000,2021-12-09
73.59980000,2021-12-10
73.60590000,2021-12-11
73.60590000,2021-12-12
73.60590000,2021-12-13
73.41070000,2021-12-14
73.46980000,2021-12-15
73.85100000,2021-12-16
73.57080000,2021-12-17
73.73300000,2021-12-18
73.73300000,2021-12-19
73.73300000,2021-12-20
74.29470000,2021-12-21
73.82060000,2021-12-22
73.79010000,2021-12-23
73.35830000,2021-12-24
73.18860000,2021-12-25
73.18860000,2021-12-26
73.18860000,2021-12-27
73.23290000,2021-12-28
73.49590000,2021-12-29
73.65140000,2021-12-30
74.29260000,2021-12-31
74.29260000,2022-01-01
74.29260000,2022-01-02
74.29260000,2022-01-03
74.29260000,2022-01-04
74.29260000,2022-01-05
74.29260000,2022-01-06
74.29260000,2022-01-07
74.29260000,2022-01-08
74.29260000,2022-01-09
74.29260000,2022-01-10
75.13150000,2022-01-11
74.83550000,2022-01-12
74.52770000,2022-01-13
74.56860000,2022-01-14
75.76680000,2022-01-15
75.76680000,2022-01-16
75.76680000,2022-01-17
76.04040000,2022-01-18
76.33470000,2022-01-19
76.86970000,2022-01-20
76.44080000,2022-01-21
76.69030000,2022-01-22
76.69030000,2022-01-23
76.69030000,2022-01-24
77.36490000,2022-01-25
78.64220000,2022-01-26
78.94370000,2022-01-27
78.94700000,2022-01-28
77.81740000,2022-01-29
77.81740000,2022-01-30
77.81740000,2022-01-31
77.47020000,2022-02-01
77.13020000,2022-02-02
76.48490000,2022-02-03
76.65010000,2022-02-04
76.05090000,2022-02-05
76.05090000,2022-02-06
76.05090000,2022-02-07
75.68060000,2022-02-08
75.30420000,2022-02-09
74.80150000,2022-02-10
74.72410000,2022-02-11
74.98670000,2022-02-12
74.98670000,2022-02-13
74.98670000,2022-02-14
76.57620000,2022-02-15
76.16600000,2022-02-16
75.01410000,2022-02-17
75.75270000,2022-02-18
75.76190000,2022-02-19
75.76190000,2022-02-20
75.76190000,2022-02-21
76.76710000,2022-02-22
80.41940000,2022-02-23
80.41940000,2022-02-24
86.92880000,2022-02-25
83.54850000,2022-02-26
83.54850000,2022-02-27
83.54850000,2022-02-28
93.55890000,2022-03-01
91.74570000,2022-03-02
103.24870000,2022-03-03
111.75640000,2022-03-04
105.81240000,2022-03-05
105.81240000,2022-03-06
105.81240000,2022-03-07
105.81240000,2022-03-08
105.81240000,2022-03-09
116.08470000,2022-03-10
120.37850000,2022-03-11
116.75170000,2022-03-12
116.75170000,2022-03-13
116.75170000,2022-03-14
115.19630000,2022-03-15
111.48230000,2022-03-16
108.05210000,2022-03-17
104.80120000,2022-03-18
103.95240000,2022-03-19
103.95240000,2022-03-20
103.95240000,2022-03-21
104.68190000,2022-03-22
104.07410000,2022-03-23
103.16180000,2022-03-24
96.04580000,2022-03-25
95.66180000,2022-03-26
95.66180000,2022-03-27
95.66180000,2022-03-28
93.71250000,2022-03-29
86.28430000,2022-03-30
84.08510000,2022-03-31
83.40970000,2022-04-01
83.42850000,2022-04-02
83.42850000,2022-04-03
83.42850000,2022-04-04
83.59320000,2022-04-05
83.35200000,2022-04-06
82.59620000,2022-04-07
76.25470000,2022-04-08
74.85010000,2022-04-09
74.85010000,2022-04-10
74.85010000,2022-04-11
79.15960000,2022-04-12
79.62740000,2022-04-13
79.84710000,2022-04-14
81.28800000,2022-04-15
80.04370000,2022-04-16
80.04370000,2022-04-17
80.04370000,2022-04-18
79.45290000,2022-04-19
79.02870000,2022-04-20
77.08090000,2022-04-21
74.99900000,2022-04-22
73.50500000,2022-04-23
73.50500000,2022-04-24
73.50500000,2022-04-25
73.36110000,2022-04-26
72.70890000,2022-04-27
72.87640000,2022-04-28
72.29530000,2022-04-29
71.02370000,2022-04-30
71.02370000,2022-05-01
71.02370000,2022-05-02
71.02370000,2022-05-03
71.02370000,2022-05-04
69.41600000,2022-05-05
66.23780000,2022-05-06
67.38430000,2022-05-07
67.38430000,2022-05-08
67.38430000,2022-05-09
67.38430000,2022-05-10
67.38430000,2022-05-11
68.83890000,2022-05-12
65.79160000,2022-05-13
63.77990000,2022-05-14
63.77990000,2022-05-15
63.77990000,2022-05-16
63.44450000,2022-05-17
63.54280000,2022-05-18
63.56430000,2022-05-19
62.40310000,2022-05-20
58.88620000,2022-05-21
58.88620000,2022-05-22
58.88620000,2022-05-23
58.20870000,2022-05-24
56.96900000,2022-05-25
56.29960000,2022-05-26
62.04950000,2022-05-27
66.40290000,2022-05-28
66.40290000,2022-05-29
66.40290000,2022-05-30
63.09750000,2022-05-31
61.60690000,2022-06-01
61.47330000,2022-06-02
61.57500000,2022-06-03
61.96590000,2022-06-04
61.96590000,2022-06-05
61.96590000,2022-06-06
61.10940000,2022-06-07
60.95650000,2022-06-08
60.22820000,2022-06-09
58.38950000,2022-06-10
57.77800000,2022-06-11
57.77800000,2022-06-12
57.77800000,2022-06-13
57.77800000,2022-06-14
57.09260000,2022-06-15
56.66240000,2022-06-16
56.86910000,2022-06-17
56.71010000,2022-06-18
56.71010000,2022-06-19
56.71010000,2022-06-20
56.17270000,2022-06-21
54.70810000,2022-06-22
53.27880000,2022-06-23
53.35780000,2022-06-24
53.32340000,2022-06-25
53.32340000,2022-06-26
53.32340000,2022-06-27
53.36410000,2022-06-28
52.96990000,2022-06-29
51.15800000,2022-06-30
52.51230000,2022-07-01
53.76760000,2022-07-02
53.76760000,2022-07-03
53.76760000,2022-07-04
55.08580000,2022-07-05
58.51180000,2022-07-06
62.91100000,2022-07-07
63.14270000,2022-07-08
61.26640000,2022-07-09
61.26640000,2022-07-10
61.26640000,2022-07-11
61.30450000,2022-07-12
58.85410000,2022-07-13
58.53220000,2022-07-14
58.25680000,2022-07-15
57.83230000,2022-07-16
57.83230000,2022-07-17
57.83230000,2022-07-18
56.56160000,2022-07-19
55.43700000,2022-07-20
54.84910000,2022-07-21
56.47830000,2022-07-22
57.39170000,2022-07-23
57.39170000,2022-07-24
57.39170000,2022-07-25
57.78210000,2022-07-26
58.66050000,2022-07-27
60.21980000,2022-07-28
60.20310000,2022-07-29
61.31010000,2022-07-30
61.31010000,2022-07-31
61.31010000,2022-08-01
62.05060000,2022-08-02
60.15950000,2022-08-03
60.23740000,2022-08-04
60.25800000,2022-08-05
60.36960000,2022-08-06
60.36960000,2022-08-07
60.36960000,2022-08-08
60.31640000,2022-08-09
60.38140000,2022-08-10
60.45420000,2022-08-11
60.62290000,2022-08-12
60.89930000,2022-08-13
60.89930000,2022-08-14
60.89930000,2022-08-15
61.37470000,2022-08-16
61.42470000,2022-08-17
60.75520000,2022-08-18
59.95700000,2022-08-19
59.13210000,2022-08-20
59.13210000,2022-08-21
59.13210000,2022-08-22
59.74190000,2022-08-23
59.89630000,2022-08-24
59.99740000,2022-08-25
59.76990000,2022-08-26
60.09240000,2022-08-27
60.09240000,2022-08-28
60.09240000,2022-08-29
60.36360000,2022-08-30
60.36770000,2022-08-31
60.23860000,2022-09-01
60.23700000,2022-09-02
60.37130000,2022-09-03
60.37130000,2022-09-04
60.37130000,2022-09-05
60.90330000,2022-09-06
60.85440000,2022-09-07
61.18140000,2022-09-08
60.80100000,2022-09-09
60.46960000,2022-09-10
60.46960000,2022-09-11
60.46960000,2022-09-12
60.45680000,2022-09-13
60.06760000,2022-09-14
59.77510000,2022-09-15
59.66630000,2022-09-16
60.03160000,2022-09-17
60.03160000,2022-09-18
60.03160000,2022-09-19
60.16620000,2022-09-20
60.01580000,2022-09-21
60.86850000,2022-09-22
59.83180000,2022-09-23
58.10060000,2022-09-24
58.10060000,2022-09-25
58.10060000,2022-09-26
57.99900000,2022-09-27
58.17560000,2022-09-28
58.44850000,2022-09-29
57.41300000,2022-09-30
55.29870000,2022-10-01
55.29870000,2022-10-02
55.29870000,2022-10-03
57.56640000,2022-10-04
58.79130000,2022-10-05
59.40430000,2022-10-06
60.25340000,2022-10-07
61.24750000,2022-10-08
61.24750000,2022-10-09
61.24750000,2022-10-10
62.31260000,2022-10-11
63.68400000,2022-10-12
63.75590000,2022-10-13
63.49170000,2022-10-14
63.05580000,2022-10-15
63.05580000,2022-10-16
63.05580000,2022-10-17
61.76340000,2022-10-18
61.70320000,2022-10-19
61.59050000,2022-10-20
61.50180000,2022-10-21
61.19580000,2022-10-22
61.19580000,2022-10-23
61.19580000,2022-10-24
61.16290000,2022-10-25
61.33260000,2022-10-26
61.42770000,2022-10-27
61.35890000,2022-10-28
61.53430000,2022-10-29
61.53430000,2022-10-30
61.53430000,2022-10-31
61.62290000,2022-11-01
61.42750000,2022-11-02
61.61750000,2022-11-03
62.09550000,2022-11-04
62.09550000,2022-11-05
62.09550000,2022-11-06
62.09550000,2022-11-07
61.23670000,2022-11-08
60.97740000,2022-11-09
61.06110000,2022-11-10
61.24340000,2022-11-11
60.21790000,2022-11-12
60.21790000,2022-11-13
60.21790000,2022-11-14
60.39820000,2022-11-15
60.31160000,2022-11-16
60.34840000,2022-11-17
60.38940000,2022-11-18
60.37410000,2022-11-19
60.37410000,2022-11-20
60.37410000,2022-11-21
60.73790000,2022-11-22
60.65660000,2022-11-23
60.50430000,2022-11-24
60.38660000,2022-11-25
60.47970000,2022-11-26
60.47970000,2022-11-27
60.47970000,2022-11-28
60.75200000,2022-11-29
61.07420000,2022-11-30
60.88030000,2022-12-01
61.14790000,2022-12-02
61.77490000,2022-12-03
61.77490000,2022-12-04
61.77490000,2022-12-05
62.18490000,2022-12-06
62.91030000,2022-12-07
62.93720000,2022-12-08
62.57220000,2022-12-09
62.38130000,2022-12-10
62.38130000,2022-12-11
62.38130000,2022-12-12
62.76740000,2022-12-13
63.21200000,2022-12-14
63.35900000,2022-12-15
64.30150000,2022-12-16
64.60780000,2022-12-17
64.60780000,2022-12-18
64.60780000,2022-12-19
66.34740000,2022-12-20
69.00370000,2022-12-21
70.52560000,2022-12-22
72.13060000,2022-12-23
68.67600000,2022-12-24
68.67600000,2022-12-25
68.67600000,2022-12-26
68.44870000,2022-12-27
69.93460000,2022-12-28
71.32610000,2022-12-29
71.97780000,2022-12-30
70.33750000,2022-12-31
70.33750000,2023-01-01
70.33750000,2023-01-02
70.33750000,2023-01-03
70.33750000,2023-01-04
70.33750000,2023-01-05
70.33750000,2023-01-06
70.33750000,2023-01-07
70.33750000,2023-01-08
70.33750000,2023-01-09
70.30020000,2023-01-10
69.60940000,2023-01-11
69.02020000,2023-01-12
67.77750000,2023-01-13
67.57440000,2023-01-14
67.57440000,2023-01-15
67.57440000,2023-01-16
68.28920000,2023-01-17
68.66440000,2023-01-18
68.87280000,2023-01-19
68.84670000,2023-01-20
68.66560000,2023-01-21
68.66560000,2023-01-22
68.66560000,2023-01-23
68.62880000,2023-01-24
68.75290000,2023-01-25
68.95730000,2023-01-26
69.12630000,2023-01-27
69.33720000,2023-01-28
69.33720000,2023-01-29
69.33720000,2023-01-30
69.59270000,2023-01-31
70.51740000,2023-02-01
70.12170000,2023-02-02
70.04140000,2023-02-03
70.38470000,2023-02-04
70.38470000,2023-02-05
70.38470000,2023-02-06
70.59910000,2023-02-07
70.89240000,2023-02-08
71.57630000,2023-02-09
72.89490000,2023-02-10
72.79230000,2023-02-11
72.79230000,2023-02-12
72.79230000,2023-02-13
73.63070000,2023-02-14
73.86450000,2023-02-15
74.20770000,2023-02-16
74.76380000,2023-02-17
74.75880000,2023-02-18
74.75880000,2023-02-19
74.75880000,2023-02-20
74.04320000,2023-02-21
74.85960000,2023-02-22
74.70870000,2023-02-23
74.70870000,2023-02-24
74.70870000,2023-02-25
74.70870000,2023-02-26
74.70870000,2023-02-27
75.43230000,2023-02-28
74.89320000,2023-03-01
75.25130000,2023-03-02
75.47290000,2023-03-03
75.45920000,2023-03-04
75.45920000,2023-03-05
75.45920000,2023-03-06
75.47280000,2023-03-07
75.45770000,2023-03-08
75.45770000,2023-03-09
75.90280000,2023-03-10
75.94060000,2023-03-11
75.94060000,2023-03-12
75.94060000,2023-03-13
75.46090000,2023-03-14
75.19270000,2023-03-15
75.74570000,2023-03-16
76.40950000,2023-03-17
76.60440000,2023-03-18
76.60440000,2023-03-19
76.60440000,2023-03-20
77.24220000,2023-03-21
76.83730000,2023-03-22
76.95610000,2023-03-23
76.30720000,2023-03-24
76.44790000,2023-03-25
76.44790000,2023-03-26
76.44790000,2023-03-27
76.56620000,2023-03-28
76.59390000,2023-03-29
76.97810000,2023-03-30
77.08630000,2023-03-31
77.32330000,2023-04-01
77.32330000,2023-04-02
77.32330000,2023-04-03
77.95100000,2023-04-04
79.35630000,2023-04-05
79.49610000,2023-04-06
80.67130000,2023-04-07
82.39880000,2023-04-08
82.39880000,2023-04-09
82.39880000,2023-04-10
81.74410000,2023-04-11
82.17990000,2023-04-12
82.09340000,2023-04-13
81.67580000,2023-04-14
81.50450000,2023-04-15
81.50450000,2023-04-16
81.50450000,2023-04-17
81.62790000,2023-04-18
81.60280000,2023-04-19
81.65490000,2023-04-20
81.61880000,2023-04-21
81.48630000,2023-04-22
81.48630000,2023-04-23
81.48630000,2023-04-24
81.27450000,2023-04-25
81.54990000,2023-04-26
81.62740000,2023-04-27
81.56010000,2023-04-28
80.50930000,2023-04-29
80.50930000,2023-04-30
80.50930000,2023-05-01
80.50930000,2023-05-02
79.96090000,2023-05-03
79.30710000,2023-05-04
78.61390000,2023-05-05
76.82070000,2023-05-06
76.82070000,2023-05-07
76.82070000,2023-05-08
76.82070000,2023-05-09
76.82070000,2023-05-10
76.69290000,2023-05-11
75.88460000,2023-05-12
77.20410000,2023-05-13
77.20410000,2023-05-14
77.20410000,2023-05-15
79.10040000,2023-05-16
79.97980000,2023-05-17
80.76420000,2023-05-18
80.03660000,2023-05-19
79.90930000,2023-05-20
79.90930000,2023-05-21
79.90930000,2023-05-22
79.93790000,2023-05-23
80.16650000,2023-05-24
79.96690000,2023-05-25
79.98410000,2023-05-26
79.96670000,2023-05-27
79.96670000,2023-05-28
79.96670000,2023-05-29
80.05550000,2023-05-30
80.68720000,2023-05-31
80.99420000,2023-06-01
80.96570000,2023-06-02
80.87560000,2023-06-03
80.87560000,2023-06-04
80.87560000,2023-06-05
81.32940000,2023-06-06
81.25020000,2023-06-07
81.45810000,2023-06-08
82.09300000,2023-06-09
82.64170000,2023-06-10
82.64170000,2023-06-11
82.64170000,2023-06-12
82.64170000,2023-06-13
83.64050000,2023-06-14
84.32490000,2023-06-15
83.96110000,2023-06-16
83.64980000,2023-06-17
83.64980000,2023-06-18
83.64980000,2023-06-19
83.98660000,2023-06-20
84.23360000,2023-06-21
84.24670000,2023-06-22
83.60770000,2023-06-23
84.07930000,2023-06-24
84.07930000,2023-06-25
84.07930000,2023-06-26
84.66420000,2023-06-27
85.05040000,2023-06-28
85.61920000,2023-06-29
87.03410000,2023-06-30
88.38440000,2023-07-01
88.38440000,2023-07-02
88.38440000,2023-07-03
89.32550000,2023-07-04
89.54500000,2023-07-05
90.33800000,2023-07-06
92.56950000,2023-07-07
91.68790000,2023-07-08
91.68790000,2023-07-09
91.68790000,2023-07-10
91.49310000,2023-07-11
90.50450000,2023-07-12
90.62530000,2023-07-13
90.17570000,2023-07-14
90.11900000,2023-07-15
90.11900000,2023-07-16
90.11900000,2023-07-17
90.42170000,2023-07-18
90.69060000,2023-07-19
91.20460000,2023-07-20
90.85450000,2023-07-21
90.38460000,2023-07-22
90.38460000,2023-07-23
90.38460000,2023-07-24
90.48900000,2023-07-25
90.09450000,2023-07-26
90.04680000,2023-07-27
90.02250000,2023-07-28
90.97830000,2023-07-29
90.97830000,2023-07-30
90.97830000,2023-07-31
91.59230000,2023-08-01
91.77550000,2023-08-02
92.84100000,2023-08-03
93.77920000,2023-08-04
94.80760000,2023-08-05
94.80760000,2023-08-06
94.80760000,2023-08-07
96.56680000,2023-08-08
96.07550000,2023-08-09
97.39990000,2023-08-10
97.27940000,2023-08-11
98.20660000,2023-08-12
98.20660000,2023-08-13
98.20660000,2023-08-14
101.03990000,2023-08-15
97.42170000,2023-08-16
96.70450000,2023-08-17
93.74600000,2023-08-18
93.40470000,2023-08-19
93.40470000,2023-08-20
93.40470000,2023-08-21
94.14240000,2023-08-22
94.11850000,2023-08-23
94.44210000,2023-08-24
94.40070000,2023-08-25
94.71170000,2023-08-26
94.71170000,2023-08-27
94.71170000,2023-08-28
95.47170000,2023-08-29
95.70700000,2023-08-30
95.92830000,2023-08-31
96.33440000,2023-09-01
96.34110000,2023-09-02
96.34110000,2023-09-03
96.34110000,2023-09-04
96.61990000,2023-09-05
97.53830000,2023-09-06
97.84390000,2023-09-07
98.19610000,2023-09-08
97.92410000,2023-09-09
97.92410000,2023-09-10
97.92410000,2023-09-11
96.50830000,2023-09-12
94.70350000,2023-09-13
95.97940000,2023-09-14
96.16090000,2023-09-15
96.63380000,2023-09-16
96.63380000,2023-09-17
96.63380000,2023-09-18
96.64720000,2023-09-19
96.22360000,2023-09-20
96.61720000,2023-09-21
96.07620000,2023-09-22
96.04190000,2023-09-23
96.04190000,2023-09-24
96.04190000,2023-09-25
96.14560000,2023-09-26
96.23780000,2023-09-27
96.50000000,2023-09-28
97.00180000,2023-09-29
97.41470000,2023-09-30
97.41470000,2023-10-01
97.41470000,2023-10-02
98.47850000,2023-10-03
99.26770000,2023-10-04
99.45550000,2023-10-05
99.67620000,2023-10-06
100.49110000,2023-10-07
100.49110000,2023-10-08
100.49110000,2023-10-09
101.35980000,2023-10-10
99.93490000,2023-10-11
99.98080000,2023-10-12
96.99480000,2023-10-13
97.30750000,2023-10-14
97.30750000,2023-10-15
97.30750000,2023-10-16
97.28650000,2023-10-17
97.34580000,2023-10-18
97.37240000,2023-10-19
97.30740000,2023-10-20
95.90530000,2023-10-21
95.90530000,2023-10-22
95.90530000,2023-10-23
94.70810000,2023-10-24
93.52240000,2023-10-25
93.15070000,2023-10-26
93.56160000,2023-10-27
93.21740000,2023-10-28
93.21740000,2023-10-29
93.21740000,2023-10-30
93.24350000,2023-10-31
92.02260000,2023-11-01
93.28010000,2023-11-02
93.17300000,2023-11-03
93.03510000,2023-11-04
93.03510000,2023-11-05
93.03510000,2023-11-06
93.03510000,2023-11-07
92.41510000,2023-11-08
92.19730000,2023-11-09
91.92660000,2023-11-10
92.05350000,2023-11-11
92.05350000,2023-11-12
92.05350000,2023-11-13
92.11850000,2023-11-14
91.25700000,2023-11-15
89.45650000,2023-11-16
88.94660000,2023-11-17
89.12370000,2023-11-18
89.12370000,2023-11-19
89.12370000,2023-11-20
88.49540000,2023-11-21
87.87010000,2023-11-22
88.16480000,2023-11-23
88.12060000,2023-11-24
88.81330000,2023-11-25
88.81330000,2023-11-26
88.81330000,2023-11-27
88.70450000,2023-11-28
88.61020000,2023-11-29
88.88410000,2023-11-30
88.58190000,2023-12-01
89.76190000,2023-12-02
89.76190000,2023-12-03
89.76190000,2023-12-04
90.67280000,2023-12-05
91.58230000,2023-12-06
92.78260000,2023-12-07
92.56540000,2023-12-08
91.64020000,2023-12-09
91.64020000,2023-12-10
91.64020000,2023-12-11
90.98460000,2023-12-12
90.21580000,2023-12-13
89.89260000,2023-12-14
89.67410000,2023-12-15
89.69660000,2023-12-16
89.69660000,2023-12-17
89.69660000,2023-12-18
90.41620000,2023-12-19
90.08700000,2023-12-20
90.40560000,2023-12-21
91.70620000,2023-12-22
91.93890000,2023-12-23
91.93890000,2023-12-24
91.93890000,2023-12-25
91.96900000,2023-12-26
91.70690000,2023-12-27
91.70510000,2023-12-28
90.30410000,2023-12-29
89.68830000,2023-12-30
89.68830000,2023-12-31
89.68830000,2024-01-01
89.68830000,2024-01-02
89.68830000,2024-01-03
89.68830000,2024-01-04
89.68830000,2024-01-05
89.68830000,2024-01-06
89.68830000,2024-01-07
89.68830000,2024-01-08
89.68830000,2024-01-09
90.40400000,2024-01-10
89.39390000,2024-01-11
88.78180000,2024-01-12
88.13240000,2024-01-13
88.13240000,2024-01-14
88.13240000,2024-01-15
87.67720000,2024-01-16
87.64570000,2024-01-17
88.35400000,2024-01-18
88.66100000,2024-01-19
88.58960000,2024-01-20
88.58960000,2024-01-21
88.58960000,2024-01-22
87.97240000,2024-01-23
87.91990000,2024-01-24
88.28290000,2024-01-25
88.65620000,2024-01-26
89.51590000,2024-01-27
89.51590000,2024-01-28
89.51590000,2024-01-29
89.60900000,2024-01-30
89.28870000,2024-01-31
89.66780000,2024-02-01
90.22990000,2024-02-02
90.66260000,2024-02-03
90.66260000,2024-02-04
90.66260000,2024-02-05
91.24340000,2024-02-06
90.68420000,2024-02-07
91.15140000,2024-02-08
91.25610000,2024-02-09
90.89010000,2024-02-10
90.89010000,2024-02-11
90.89010000,2024-02-12
91.07580000,2024-02-13
91.20570000,2024-02-14
91.43160000,2024-02-15
91.82370000,2024-02-16
92.54920000,2024-02-17
92.54920000,2024-02-18
92.54920000,2024-02-19
92.41020000,2024-02-20
92.34900000,2024-02-21
92.43870000,2024-02-22
92.75190000,2024-02-23
92.75190000,2024-02-24
92.75190000,2024-02-25
92.75190000,2024-02-26
92.63210000,2024-02-27
92.04250000,2024-02-28
91.86920000,2024-02-29
90.84230000,2024-03-01
91.33360000,2024-03-02
91.33360000,2024-03-03
91.33360000,2024-03-04
91.35340000,2024-03-05
91.16040000,2024-03-06
90.34120000,2024-03-07
90.74930000,2024-03-08
90.74930000,2024-03-09
90.74930000,2024-03-10
90.74930000,2024-03-11
90.62520000,2024-03-12
90.88180000,2024-03-13
91.54490000,2024-03-14
91.63590000,2024-03-15
91.87000000,2024-03-16
91.87000000,2024-03-17
91.87000000,2024-03-18
91.98290000,2024-03-19
92.22430000,2024-03-20
92.68610000,2024-03-21
91.94990000,2024-03-22
92.61180000,2024-03-23
92.61180000,2024-03-24
92.61180000,2024-03-25
92.77610000,2024-03-26
92.57450000,2024-03-27
92.59190000,2024-03-28
92.26280000,2024-03-29
92.36600000,2024-03-30
92.36600000,2024-03-31
92.36600000,2024-04-01
92.29140000,2024-04-02
92.52540000,2024-04-03
92.38920000,2024-04-04
92.30580000,2024-04-05
92.41550000,2024-04-06
92.41550000,2024-04-07
92.41550000,2024-04-08
92.58100000,2024-04-09
92.74630000,2024-04-10
93.21980000,2024-04-11
93.71960000,2024-04-12
